DIPPA_00066.mRNA.1	PF13180:PDZ_2,PF13180:PDZ_2
DIPPA_00077.mRNA.1	PF00589:Phage_integrase,PF00589:Phage_integrase
DIPPA_00083.mRNA.1	PF00589:Phage_integrase,PF00589:Phage_integrase
DIPPA_00127.mRNA.1	PF01529:DHHC,PF01529:DHHC
DIPPA_00183.mRNA.1	PF12624:Chorein_N,PF01436:NHL,PF01436:NHL,PF01436:NHL,PF01436:NHL,PF01436:NHL,PF08719:NADAR,PF16909:VPS13_DH-like,PF16909:VPS13_DH-like
DIPPA_00187.mRNA.1	PF01535:PPR,PF01535:PPR,PF01535:PPR,PF01535:PPR,PF17177:PPR_long
DIPPA_00229.mRNA.1	PF01062:Bestrophin,PF01062:Bestrophin
DIPPA_00254.mRNA.1	PF05383:La,PF00013:KH_1,PF00013:KH_1
DIPPA_00353.mRNA.1	PF00078:RVT_1,PF00078:RVT_1
DIPPA_00367.mRNA.1	PF00078:RVT_1,PF00078:RVT_1
DIPPA_00371.mRNA.1	PF00078:RVT_1,PF00078:RVT_1,PF00078:RVT_1,PF00078:RVT_1
DIPPA_00377.mRNA.1	PF13456:RVT_3,PF13456:RVT_3
DIPPA_00412.mRNA.1	PF11719:Drc1-Sld2,PF11719:Drc1-Sld2,PF11719:Drc1-Sld2
DIPPA_00507.mRNA.1	PF13385:Laminin_G_3,PF13385:Laminin_G_3,PF13385:Laminin_G_3,PF13385:Laminin_G_3,PF13385:Laminin_G_3,PF13385:Laminin_G_3,PF13385:Laminin_G_3,PF13385:Laminin_G_3,PF13385:Laminin_G_3,PF13385:Laminin_G_3,PF13385:Laminin_G_3
DIPPA_00586.mRNA.1	PF00078:RVT_1,PF00078:RVT_1
DIPPA_00656.mRNA.1	PF00888:Cullin,PF10557:Cullin_Nedd8,PF00888:Cullin,PF10557:Cullin_Nedd8
DIPPA_00696.mRNA.1	PF01129:ART,PF01129:ART,PF01129:ART
DIPPA_00697.mRNA.1	PF00078:RVT_1,PF00078:RVT_1
DIPPA_00709.mRNA.1	PF01585:G-patch,PF12656:G-patch_2,PF12656:G-patch_2
DIPPA_00712.mRNA.1	PF03995:Inhibitor_I36,PF15138:Syncollin,PF03995:Inhibitor_I36,PF00030:Crystall,PF08964:Crystall_3,PF03995:Inhibitor_I36
DIPPA_00713.mRNA.1	PF13812:PPR_3,PF13812:PPR_3,PF01535:PPR,PF13812:PPR_3,PF01535:PPR
DIPPA_00742.mRNA.1	PF03995:Inhibitor_I36,PF03995:Inhibitor_I36,PF00030:Crystall,PF03995:Inhibitor_I36
DIPPA_00797.mRNA.1	PF00078:RVT_1,PF00078:RVT_1
DIPPA_00818.mRNA.1	PF00036:EF-hand_1,PF13499:EF-hand_7
DIPPA_00829.mRNA.1	PF13041:PPR_2,PF13041:PPR_2,PF13041:PPR_2
DIPPA_00837.mRNA.1	PF01833:TIG,PF01476:LysM,PF01476:LysM
DIPPA_00866.mRNA.1	PF13454:NAD_binding_9,PF13454:NAD_binding_9,PF01266:DAO
DIPPA_00870.mRNA.1	PF00589:Phage_integrase,PF00589:Phage_integrase
DIPPA_00899.mRNA.1	PF04119:HSP9_HSP12,PF04119:HSP9_HSP12,PF04119:HSP9_HSP12,PF04119:HSP9_HSP12,PF04119:HSP9_HSP12,PF04119:HSP9_HSP12,PF04119:HSP9_HSP12
DIPPA_00909.mRNA.1	PF04119:HSP9_HSP12,PF04119:HSP9_HSP12,PF04119:HSP9_HSP12,PF04119:HSP9_HSP12,PF04119:HSP9_HSP12,PF04119:HSP9_HSP12,PF04119:HSP9_HSP12
DIPPA_00911.mRNA.1	PF04119:HSP9_HSP12,PF04119:HSP9_HSP12,PF04119:HSP9_HSP12,PF04119:HSP9_HSP12,PF04119:HSP9_HSP12,PF04119:HSP9_HSP12,PF04119:HSP9_HSP12,PF04119:HSP9_HSP12
DIPPA_00918.mRNA.1	PF00078:RVT_1,PF00078:RVT_1
DIPPA_01017.mRNA.1	PF13740:ACT_6,PF13740:ACT_6
DIPPA_01126.mRNA.1	PF12796:Ank_2,PF12796:Ank_2,PF13637:Ank_4
DIPPA_01186.mRNA.1	PF12796:Ank_2,PF12796:Ank_2,PF13637:Ank_4,PF00023:Ank,PF12796:Ank_2,PF00023:Ank,PF13637:Ank_4,PF12796:Ank_2
DIPPA_01232.mRNA.1	PF00589:Phage_integrase,PF00589:Phage_integrase
DIPPA_01237.mRNA.1	PF01363:FYVE,PF01363:FYVE,PF01363:FYVE,PF01363:FYVE,PF01363:FYVE
DIPPA_01260.mRNA.1	PF00400:WD40,PF00400:WD40
DIPPA_01297.mRNA.1	PF14200:RicinB_lectin_2,PF14200:RicinB_lectin_2,PF14200:RicinB_lectin_2
DIPPA_01376.mRNA.1	PF13456:RVT_3,PF13456:RVT_3
DIPPA_01419.mRNA.1	PF00078:RVT_1,PF00078:RVT_1
DIPPA_01465.mRNA.1	PF01753:zf-MYND,PF01753:zf-MYND
DIPPA_01468.mRNA.1	PF00078:RVT_1,PF00078:RVT_1
DIPPA_01484.mRNA.1	PF12937:F-box-like,PF12937:F-box-like
DIPPA_01491.mRNA.1	PF00078:RVT_1,PF13456:RVT_3,PF13456:RVT_3
DIPPA_01510.mRNA.1	PF00012:HSP70,PF00012:HSP70,PF00012:HSP70,PF00012:HSP70
DIPPA_01545.mRNA.1	PF01694:Rhomboid,PF01694:Rhomboid
DIPPA_01557.mRNA.1	PF00226:DnaJ,PF00226:DnaJ
DIPPA_01630.mRNA.1	PF13923:zf-C3HC4_2,PF13639:zf-RING_2,PF13639:zf-RING_2
DIPPA_01631.mRNA.1	PF13923:zf-C3HC4_2,PF13639:zf-RING_2,PF13639:zf-RING_2
DIPPA_01632.mRNA.1	PF13639:zf-RING_2,PF13639:zf-RING_2
DIPPA_01673.mRNA.1	PF13532:2OG-FeII_Oxy_2,PF13532:2OG-FeII_Oxy_2,PF02338:OTU
DIPPA_01689.mRNA.1	PF04457:MJ1316,PF03372:Exo_endo_phos,PF03372:Exo_endo_phos,PF18188:PPL4
DIPPA_01705.mRNA.1	PF00078:RVT_1,PF00078:RVT_1
DIPPA_01711.mRNA.1	PF00076:RRM_1,PF00076:RRM_1,PF00076:RRM_1,PF01753:zf-MYND
DIPPA_01711.mRNA.2	PF00076:RRM_1,PF00076:RRM_1,PF00076:RRM_1,PF01753:zf-MYND
DIPPA_01715.mRNA.1	PF00078:RVT_1,PF00078:RVT_1
DIPPA_01852.mRNA.1	PF00092:VWA,PF00092:VWA,PF00092:VWA,PF00092:VWA,PF00092:VWA
DIPPA_01853.mRNA.1	PF00092:VWA,PF00092:VWA
DIPPA_01868.mRNA.1	PF00561:Abhydrolase_1,PF00561:Abhydrolase_1
DIPPA_01909.mRNA.1	PF00078:RVT_1,PF00078:RVT_1
DIPPA_01940.mRNA.1	PF01880:Desulfoferrodox,PF01880:Desulfoferrodox
DIPPA_01943.mRNA.1	PF01129:ART,PF01129:ART,PF01129:ART,PF01129:ART
DIPPA_01943.mRNA.2	PF01129:ART,PF01129:ART,PF01129:ART,PF01129:ART
DIPPA_01985.mRNA.1	PF04212:MIT,PF04212:MIT
DIPPA_02026.mRNA.1	PF13456:RVT_3,PF13456:RVT_3
DIPPA_02028.mRNA.1	PF00092:VWA,PF00092:VWA,PF00092:VWA,PF00092:VWA
DIPPA_02051.mRNA.1	PF13424:TPR_12,PF13424:TPR_12,PF13424:TPR_12,PF07719:TPR_2,PF13424:TPR_12,PF13374:TPR_10,PF13424:TPR_12,PF13424:TPR_12,PF13424:TPR_12
DIPPA_02065.mRNA.1	PF13456:RVT_3,PF13456:RVT_3
DIPPA_02197.mRNA.1	PF18044:zf-CCCH_4,PF18044:zf-CCCH_4,PF00642:zf-CCCH
DIPPA_02202.mRNA.1	PF12796:Ank_2,PF12796:Ank_2,PF12796:Ank_2,PF12796:Ank_2
DIPPA_02256.mRNA.1	PF05721:PhyH,PF05721:PhyH,PF05721:PhyH
DIPPA_02262.mRNA.1	PF00225:Kinesin,PF00225:Kinesin,PF00225:Kinesin,PF00225:Kinesin
DIPPA_02288.mRNA.1	PF06701:MIB_HERC2,PF06701:MIB_HERC2
DIPPA_02321.mRNA.1	PF02816:Alpha_kinase,PF02816:Alpha_kinase
DIPPA_02326.mRNA.1	PF15862:Coilin_N,PF15862:Coilin_N,PF00313:CSD
DIPPA_02371.mRNA.1	PF18345:zf_CCCH_4,PF18345:zf_CCCH_4,PF00658:PABP,PF18345:zf_CCCH_4,PF00658:PABP
DIPPA_02389.mRNA.1	PF07691:PA14,PF07691:PA14
DIPPA_02390.mRNA.1	PF07691:PA14,PF07691:PA14,PF07691:PA14,PF07691:PA14,PF07691:PA14,PF07691:PA14,PF07691:PA14
DIPPA_02409.mRNA.1	PF00443:UCH,PF00443:UCH
DIPPA_02418.mRNA.1	PF13604:AAA_30,PF13604:AAA_30,PF01443:Viral_helicase1
DIPPA_02446.mRNA.1	PF00078:RVT_1,PF00078:RVT_1
DIPPA_02450.mRNA.1	PF01535:PPR,PF01535:PPR,PF01535:PPR,PF01535:PPR,PF01535:PPR
DIPPA_02677.mRNA.1	PF00175:NAD_binding_1,PF00175:NAD_binding_1
DIPPA_02691.mRNA.1	PF00036:EF-hand_1,PF00036:EF-hand_1,PF00036:EF-hand_1
DIPPA_02770.mRNA.1	PF01535:PPR,PF01535:PPR,PF01535:PPR
DIPPA_02811.mRNA.1	PF13287:Fn3_assoc,PF13287:Fn3_assoc
DIPPA_02818.mRNA.1	PF00078:RVT_1,PF00078:RVT_1
DIPPA_02909.mRNA.1	PF00076:RRM_1,PF00076:RRM_1,PF00076:RRM_1,PF00076:RRM_1,PF13893:RRM_5
DIPPA_02937.mRNA.1	PF00313:CSD,PF00313:CSD
DIPPA_02975.mRNA.1	PF15979:Glyco_hydro_115,PF17829:GH115_C
DIPPA_02981.mRNA.1	PF03188:Cytochrom_B561,PF03188:Cytochrom_B561
DIPPA_02985.mRNA.1	PF14933:CEP19,PF14933:CEP19
DIPPA_03018.mRNA.1	PF00536:SAM_1,PF00536:SAM_1
DIPPA_03048.mRNA.1	PF00078:RVT_1,PF00078:RVT_1
DIPPA_03067.mRNA.1	PF00589:Phage_integrase,PF00589:Phage_integrase
DIPPA_03083.mRNA.1	PF14438:SM-ATX,PF06741:LsmAD,PF06741:LsmAD,PF06741:LsmAD
DIPPA_03123.mRNA.1	PF00078:RVT_1,PF00078:RVT_1
DIPPA_03139.mRNA.1	PF13456:RVT_3,PF13456:RVT_3
DIPPA_03208.mRNA.1	PF12796:Ank_2,PF00023:Ank,PF00023:Ank
DIPPA_03238.mRNA.1	PF12796:Ank_2,PF12796:Ank_2,PF13857:Ank_5
DIPPA_03295.mRNA.1	PF13516:LRR_6,PF13516:LRR_6,PF13516:LRR_6,PF13516:LRR_6,PF13516:LRR_6
DIPPA_03317.mRNA.1	PF00078:RVT_1,PF00078:RVT_1
DIPPA_03352.mRNA.1	PF12796:Ank_2,PF12796:Ank_2,PF09815:XK-related
DIPPA_03389.mRNA.1	PF00092:VWA,PF00092:VWA,PF00092:VWA,PF00092:VWA,PF00092:VWA,PF00092:VWA,PF00092:VWA,PF00092:VWA
DIPPA_03403.mRNA.1	PF00078:RVT_1,PF00078:RVT_1
DIPPA_03404.mRNA.1	PF00078:RVT_1,PF00078:RVT_1
DIPPA_03422.mRNA.1	PF07691:PA14,PF00754:F5_F8_type_C
DIPPA_03494.mRNA.1	PF00397:WW,PF00397:WW
DIPPA_03506.mRNA.1	PF00078:RVT_1,PF00078:RVT_1
DIPPA_03513.mRNA.1	PF00078:RVT_1,PF00078:RVT_1
DIPPA_03550.mRNA.1	PF00106:adh_short,PF00106:adh_short,PF00106:adh_short
DIPPA_03551.mRNA.1	PF07344:Amastin,PF07344:Amastin
DIPPA_03559.mRNA.1	PF00078:RVT_1,PF00078:RVT_1
DIPPA_03593.mRNA.1	PF01119:DNA_mis_repair,PF01119:DNA_mis_repair
DIPPA_03630.mRNA.1	PF00078:RVT_1,PF00078:RVT_1
DIPPA_03668.mRNA.1	PF07885:Ion_trans_2,PF07885:Ion_trans_2,PF07885:Ion_trans_2
DIPPA_03750.mRNA.1	PF14924:DUF4497,PF02211:NHase_beta_C,PF02211:NHase_beta_C,PF02211:NHase_beta_C,PF02211:NHase_beta_C,PF02211:NHase_beta_C,PF02211:NHase_beta_C,PF02211:NHase_beta_C,PF02211:NHase_beta_C,PF02211:NHase_beta_C,PF02211:NHase_beta_C
DIPPA_03755.mRNA.1	PF00400:WD40,PF00400:WD40,PF00400:WD40,PF00400:WD40
DIPPA_03765.mRNA.1	PF00092:VWA,PF00092:VWA,PF00092:VWA,PF00092:VWA,PF00092:VWA,PF00092:VWA,PF00092:VWA,PF00092:VWA,PF00092:VWA,PF00092:VWA,PF00092:VWA,PF00092:VWA,PF00092:VWA,PF00092:VWA,PF00092:VWA
DIPPA_03778.mRNA.1	PF00078:RVT_1,PF00078:RVT_1
DIPPA_03779.mRNA.1	PF00589:Phage_integrase,PF00589:Phage_integrase
DIPPA_03800.mRNA.1	PF00240:ubiquitin,PF00240:ubiquitin
DIPPA_03827.mRNA.1	PF01535:PPR,PF13041:PPR_2,PF13041:PPR_2,PF13041:PPR_2
DIPPA_03833.mRNA.1	PF10239:DUF2465,PF10239:DUF2465
DIPPA_03833.mRNA.2	PF10239:DUF2465,PF10239:DUF2465
DIPPA_03881.mRNA.1	PF04564:U-box,PF04564:U-box
DIPPA_03888.mRNA.1	PF17123:zf-RING_11,PF17123:zf-RING_11
DIPPA_03910.mRNA.1	PF00595:PDZ,PF13180:PDZ_2
DIPPA_03913.mRNA.1	PF13456:RVT_3,PF13456:RVT_3
DIPPA_03956.mRNA.1	PF13287:Fn3_assoc,PF13287:Fn3_assoc
DIPPA_04161.mRNA.1	PF13499:EF-hand_7,PF13202:EF-hand_5,PF13499:EF-hand_7,PF13499:EF-hand_7
DIPPA_04183.mRNA.1	PF00078:RVT_1,PF00078:RVT_1
DIPPA_04186.mRNA.1	PF00078:RVT_1,PF00078:RVT_1
DIPPA_04267.mRNA.1	PF02151:UVR,PF02151:UVR
DIPPA_04280.mRNA.1	PF13279:4HBT_2,PF13279:4HBT_2,PF13279:4HBT_2
DIPPA_04289.mRNA.1	PF09409:PUB,PF14555:UBA_4
DIPPA_04293.mRNA.1	PF00076:RRM_1,PF00076:RRM_1
DIPPA_04299.mRNA.1	PF07967:zf-C3HC,PF07967:zf-C3HC,PF07967:zf-C3HC,PF07967:zf-C3HC
DIPPA_04336.mRNA.1	PF01988:VIT1,PF01988:VIT1
DIPPA_04453.mRNA.1	PF13290:CHB_HEX_C_1,PF13290:CHB_HEX_C_1
DIPPA_04469.mRNA.1	PF05641:Agenet,PF05641:Agenet,PF05641:Agenet
DIPPA_04534.mRNA.1	PF00078:RVT_1,PF00078:RVT_1
DIPPA_04547.mRNA.1	PF06701:MIB_HERC2,PF06701:MIB_HERC2
DIPPA_04576.mRNA.1	PF18044:zf-CCCH_4,PF18044:zf-CCCH_4
DIPPA_04586.mRNA.1	PF00169:PH,PF00169:PH
DIPPA_04594.mRNA.1	PF13450:NAD_binding_8,PF13450:NAD_binding_8
DIPPA_04595.mRNA.1	PF13450:NAD_binding_8,PF13450:NAD_binding_8
DIPPA_04596.mRNA.1	PF01593:Amino_oxidase,PF01593:Amino_oxidase
DIPPA_04598.mRNA.1	PF13450:NAD_binding_8,PF13450:NAD_binding_8
DIPPA_04634.mRNA.1	PF13041:PPR_2,PF13041:PPR_2,PF13041:PPR_2,PF13041:PPR_2
DIPPA_04805.mRNA.1	PF03031:NIF,PF03031:NIF
DIPPA_04813.mRNA.1	PF13245:AAA_19,PF01443:Viral_helicase1
DIPPA_04890.mRNA.1	PF13812:PPR_3,PF13041:PPR_2,PF13041:PPR_2,PF13812:PPR_3,PF13812:PPR_3,PF13812:PPR_3
DIPPA_04899.mRNA.1	PF03105:SPX,PF03105:SPX,PF03105:SPX,PF03105:SPX
DIPPA_04942.mRNA.1	PF00078:RVT_1,PF00078:RVT_1
DIPPA_04944.mRNA.1	PF13405:EF-hand_6,PF13405:EF-hand_6,PF13405:EF-hand_6,PF13405:EF-hand_6,PF13405:EF-hand_6,PF13405:EF-hand_6,PF13405:EF-hand_6
DIPPA_04989.mRNA.1	PF00589:Phage_integrase,PF00589:Phage_integrase
DIPPA_04999.mRNA.1	PF00078:RVT_1,PF00078:RVT_1
DIPPA_05003.mRNA.1	PF00078:RVT_1,PF00078:RVT_1
DIPPA_05051.mRNA.1	PF05176:ATP-synt_10,PF05176:ATP-synt_10
DIPPA_05067.mRNA.1	PF00589:Phage_integrase,PF00589:Phage_integrase
DIPPA_05183.mRNA.1	PF00076:RRM_1,PF00076:RRM_1
DIPPA_05231.mRNA.1	PF00300:His_Phos_1,PF00300:His_Phos_1
DIPPA_05247.mRNA.1	PF00076:RRM_1,PF00076:RRM_1,PF00076:RRM_1
DIPPA_05295.mRNA.1	PF00023:Ank,PF12796:Ank_2,PF13637:Ank_4
DIPPA_05302.mRNA.1	PF00589:Phage_integrase,PF00589:Phage_integrase
DIPPA_05325.mRNA.1	PF00078:RVT_1,PF00078:RVT_1
DIPPA_05329.mRNA.1	PF10551:MULE,PF10551:MULE
DIPPA_05352.mRNA.1	PF06743:FAST_1,PF06743:FAST_1,PF06743:FAST_1
DIPPA_05372.mRNA.1	PF07344:Amastin,PF07344:Amastin
DIPPA_05373.mRNA.1	PF12697:Abhydrolase_6,PF12146:Hydrolase_4
DIPPA_05396.mRNA.1	PF07344:Amastin,PF07344:Amastin
DIPPA_05498.mRNA.1	PF00754:F5_F8_type_C,PF00754:F5_F8_type_C
DIPPA_05521.mRNA.1	PF01697:Glyco_transf_92,PF13704:Glyco_tranf_2_4
DIPPA_05546.mRNA.1	PF00041:fn3,PF00041:fn3,PF00041:fn3,PF00041:fn3,PF00041:fn3
DIPPA_05567.mRNA.1	PF00078:RVT_1,PF13456:RVT_3
DIPPA_05573.mRNA.1	PF13456:RVT_3,PF13456:RVT_3
DIPPA_05575.mRNA.1	PF00078:RVT_1,PF00078:RVT_1
DIPPA_05631.mRNA.1	PF00400:WD40,PF00400:WD40,PF00400:WD40,PF00400:WD40
DIPPA_05681.mRNA.1	PF13641:Glyco_tranf_2_3,PF00535:Glycos_transf_2
DIPPA_05688.mRNA.1	PF00078:RVT_1,PF00078:RVT_1
DIPPA_05690.mRNA.1	PF00024:PAN_1,PF00024:PAN_1,PF00024:PAN_1,PF00024:PAN_1,PF00024:PAN_1,PF00024:PAN_1,PF00024:PAN_1,PF00024:PAN_1,PF00024:PAN_1,PF14295:PAN_4,PF00024:PAN_1
DIPPA_05714.mRNA.1	PF02338:OTU,PF03372:Exo_endo_phos
DIPPA_05734.mRNA.1	PF00612:IQ,PF00612:IQ,PF00612:IQ,PF00612:IQ,PF00612:IQ,PF00612:IQ,PF00612:IQ,PF00612:IQ,PF00612:IQ,PF00612:IQ,PF00612:IQ,PF00612:IQ,PF00612:IQ
DIPPA_05785.mRNA.1	PF13385:Laminin_G_3,PF13385:Laminin_G_3,PF13385:Laminin_G_3,PF13385:Laminin_G_3,PF13385:Laminin_G_3,PF13385:Laminin_G_3,PF13385:Laminin_G_3,PF13385:Laminin_G_3
DIPPA_05794.mRNA.1	PF13812:PPR_3,PF13041:PPR_2,PF13812:PPR_3
DIPPA_05823.mRNA.1	PF05699:Dimer_Tnp_hAT,PF05699:Dimer_Tnp_hAT
DIPPA_05839.mRNA.1	PF03372:Exo_endo_phos,PF00078:RVT_1,PF00078:RVT_1
DIPPA_05848.mRNA.1	PF04119:HSP9_HSP12,PF04119:HSP9_HSP12,PF04119:HSP9_HSP12,PF04119:HSP9_HSP12
DIPPA_05865.mRNA.1	PF17820:PDZ_6,PF17820:PDZ_6
DIPPA_05939.mRNA.1	PF00024:PAN_1,PF00024:PAN_1,PF00024:PAN_1
DIPPA_05950.mRNA.1	PF00856:SET,PF00856:SET
DIPPA_05990.mRNA.1	PF01925:TauE,PF01925:TauE,PF01925:TauE
DIPPA_05996.mRNA.1	PF07004:SHIPPO-rpt,PF07004:SHIPPO-rpt,PF07004:SHIPPO-rpt,PF07004:SHIPPO-rpt,PF07004:SHIPPO-rpt,PF07004:SHIPPO-rpt
DIPPA_06066.mRNA.1	PF00078:RVT_1,PF00078:RVT_1
DIPPA_06072.mRNA.1	PF01569:PAP2,PF01569:PAP2,PF01569:PAP2
DIPPA_06089.mRNA.1	PF03114:BAR,PF03114:BAR
DIPPA_06099.mRNA.1	PF00754:F5_F8_type_C,PF00754:F5_F8_type_C
DIPPA_06123.mRNA.1	PF18911:PKD_4,PF11790:Glyco_hydro_cc
DIPPA_06125.mRNA.1	PF00078:RVT_1,PF00078:RVT_1,PF00078:RVT_1,PF00078:RVT_1
DIPPA_06126.mRNA.1	PF00078:RVT_1,PF00078:RVT_1
DIPPA_06135.mRNA.1	PF04403:PqiA,PF04403:PqiA
DIPPA_06149.mRNA.1	PF13812:PPR_3,PF13812:PPR_3
DIPPA_06215.mRNA.1	PF12796:Ank_2,PF13637:Ank_4,PF00023:Ank,PF13637:Ank_4
DIPPA_06217.mRNA.1	PF05517:p25-alpha,PF05517:p25-alpha
DIPPA_06240.mRNA.1	PF00024:PAN_1,PF00024:PAN_1,PF00024:PAN_1,PF00059:Lectin_C
DIPPA_06240.mRNA.2	PF00024:PAN_1,PF00024:PAN_1,PF00024:PAN_1,PF00059:Lectin_C
DIPPA_06252.mRNA.1	PF21720:MIOS_WD40,PF21720:MIOS_WD40,PF17120:zf-RING_16
DIPPA_06292.mRNA.1	PF07787:TMEM43,PF07787:TMEM43
DIPPA_06308.mRNA.1	PF00300:His_Phos_1,PF00300:His_Phos_1
DIPPA_06324.mRNA.1	PF02260:FATC,PF02260:FATC
DIPPA_06355.mRNA.1	PF13519:VWA_2,PF13456:RVT_3,PF13519:VWA_2,PF13456:RVT_3,PF13456:RVT_3
DIPPA_06366.mRNA.1	PF00036:EF-hand_1,PF00036:EF-hand_1,PF00036:EF-hand_1
DIPPA_06491.mRNA.1	PF00078:RVT_1,PF00078:RVT_1
DIPPA_06496.mRNA.1	PF00078:RVT_1,PF00078:RVT_1
DIPPA_06501.mRNA.1	PF00078:RVT_1,PF00078:RVT_1
DIPPA_06503.mRNA.1	PF00078:RVT_1,PF00078:RVT_1
DIPPA_06576.mRNA.1	PF03351:DOMON,PF03351:DOMON
DIPPA_06649.mRNA.1	PF04577:Glyco_transf_61,PF04577:Glyco_transf_61
DIPPA_06700.mRNA.1	PF00023:Ank,PF00023:Ank
DIPPA_06709.mRNA.1	PF00078:RVT_1,PF13456:RVT_3,PF13456:RVT_3
DIPPA_06714.mRNA.1	PF00313:CSD,PF00313:CSD,PF00313:CSD
DIPPA_06716.mRNA.1	PF00313:CSD,PF00313:CSD,PF00313:CSD
DIPPA_06774.mRNA.1	PF12951:PATR,PF12951:PATR,PF12951:PATR,PF15979:Glyco_hydro_115,PF17829:GH115_C
DIPPA_06775.mRNA.1	PF00076:RRM_1,PF00076:RRM_1
DIPPA_06814.mRNA.1	PF00078:RVT_1,PF00078:RVT_1
DIPPA_06824.mRNA.1	PF00168:C2,PF00168:C2
DIPPA_06902.mRNA.1	PF17820:PDZ_6,PF17820:PDZ_6
DIPPA_06902.mRNA.2	PF17820:PDZ_6,PF17820:PDZ_6
DIPPA_06907.mRNA.1	PF13041:PPR_2,PF13041:PPR_2,PF13041:PPR_2,PF01535:PPR,PF13041:PPR_2,PF13041:PPR_2
DIPPA_06909.mRNA.1	PF00036:EF-hand_1,PF00036:EF-hand_1
DIPPA_06911.mRNA.1	PF14768:RPA_interact_C,PF14768:RPA_interact_C
DIPPA_06921.mRNA.1	PF00169:PH,PF00169:PH
DIPPA_06930.mRNA.1	PF12237:PCIF1_WW,PF12237:PCIF1_WW
DIPPA_07036.mRNA.1	PF13383:Methyltransf_22,PF13383:Methyltransf_22
DIPPA_07088.mRNA.1	PF06701:MIB_HERC2,PF06701:MIB_HERC2,PF06701:MIB_HERC2,PF06701:MIB_HERC2
DIPPA_07092.mRNA.1	PF18289:HU-CCDC81_euk_2,PF13499:EF-hand_7,PF13499:EF-hand_7
DIPPA_07103.mRNA.1	PF14200:RicinB_lectin_2,PF14200:RicinB_lectin_2,PF14200:RicinB_lectin_2,PF14200:RicinB_lectin_2,PF14200:RicinB_lectin_2,PF14200:RicinB_lectin_2,PF14200:RicinB_lectin_2,PF14200:RicinB_lectin_2,PF14200:RicinB_lectin_2,PF14200:RicinB_lectin_2,PF14200:RicinB_lectin_2,PF14200:RicinB_lectin_2,PF14200:RicinB_lectin_2,PF00652:Ricin_B_lectin,PF14200:RicinB_lectin_2,PF14200:RicinB_lectin_2,PF14200:RicinB_lectin_2,PF14200:RicinB_lectin_2,PF00652:Ricin_B_lectin,PF14200:RicinB_lectin_2,PF14200:RicinB_lectin_2,PF14200:RicinB_lectin_2,PF14200:RicinB_lectin_2,PF00652:Ricin_B_lectin,PF14200:RicinB_lectin_2
DIPPA_07103.mRNA.2	PF14200:RicinB_lectin_2,PF14200:RicinB_lectin_2,PF14200:RicinB_lectin_2,PF14200:RicinB_lectin_2,PF14200:RicinB_lectin_2,PF14200:RicinB_lectin_2,PF14200:RicinB_lectin_2,PF14200:RicinB_lectin_2,PF14200:RicinB_lectin_2,PF14200:RicinB_lectin_2,PF14200:RicinB_lectin_2,PF14200:RicinB_lectin_2,PF14200:RicinB_lectin_2,PF14200:RicinB_lectin_2,PF14200:RicinB_lectin_2,PF00652:Ricin_B_lectin,PF14200:RicinB_lectin_2,PF14200:RicinB_lectin_2,PF14200:RicinB_lectin_2,PF14200:RicinB_lectin_2,PF00652:Ricin_B_lectin,PF14200:RicinB_lectin_2,PF14200:RicinB_lectin_2,PF14200:RicinB_lectin_2,PF14200:RicinB_lectin_2,PF00652:Ricin_B_lectin,PF14200:RicinB_lectin_2
DIPPA_07151.mRNA.1	PF01363:FYVE,PF01363:FYVE,PF01363:FYVE
DIPPA_07156.mRNA.1	PF06701:MIB_HERC2,PF06701:MIB_HERC2
DIPPA_07212.mRNA.1	PF00078:RVT_1,PF13456:RVT_3,PF13456:RVT_3
DIPPA_07249.mRNA.1	PF00078:RVT_1,PF00078:RVT_1
DIPPA_07251.mRNA.1	PF00078:RVT_1,PF00078:RVT_1
DIPPA_07255.mRNA.1	PF05186:Dpy-30,PF05186:Dpy-30
DIPPA_07282.mRNA.1	PF00092:VWA,PF00092:VWA
DIPPA_07283.mRNA.2	PF00092:VWA,PF00092:VWA,PF00092:VWA,PF00092:VWA,PF00092:VWA,PF00092:VWA,PF00092:VWA,PF00092:VWA
DIPPA_07311.mRNA.1	PF00642:zf-CCCH,PF00642:zf-CCCH
DIPPA_07343.mRNA.1	PF00400:WD40,PF00400:WD40,PF00400:WD40,PF00400:WD40,PF00400:WD40
DIPPA_07394.mRNA.1	PF12799:LRR_4,PF12799:LRR_4
DIPPA_07396.mRNA.1	PF13456:RVT_3,PF13456:RVT_3
DIPPA_07406.mRNA.1	PF00027:cNMP_binding,PF00027:cNMP_binding,PF00027:cNMP_binding
DIPPA_07427.mRNA.1	PF13855:LRR_8,PF12799:LRR_4
DIPPA_07448.mRNA.1	PF01266:DAO,PF07992:Pyr_redox_2,PF13450:NAD_binding_8
DIPPA_07453.mRNA.1	PF00036:EF-hand_1,PF00036:EF-hand_1,PF00036:EF-hand_1,PF13405:EF-hand_6,PF13499:EF-hand_7
DIPPA_07453.mRNA.2	PF00036:EF-hand_1,PF00036:EF-hand_1,PF00036:EF-hand_1,PF13405:EF-hand_6
DIPPA_07509.mRNA.1	PF00078:RVT_1,PF00078:RVT_1
DIPPA_07547.mRNA.1	PF13385:Laminin_G_3,PF13385:Laminin_G_3,PF15902:Sortilin-Vps10,PF15902:Sortilin-Vps10
DIPPA_07578.mRNA.1	PF01764:Lipase_3,PF01363:FYVE
DIPPA_07579.mRNA.1	PF13910:DUF4209,PF13910:DUF4209,PF13910:DUF4209
DIPPA_07584.mRNA.1	PF04696:Pinin_SDK_memA,PF04696:Pinin_SDK_memA
DIPPA_07592.mRNA.1	PF00078:RVT_1,PF00078:RVT_1
DIPPA_07600.mRNA.1	PF00754:F5_F8_type_C,PF00754:F5_F8_type_C
DIPPA_07602.mRNA.1	PF00397:WW,PF00397:WW,PF00397:WW,PF00397:WW
DIPPA_07617.mRNA.1	PF13456:RVT_3,PF13456:RVT_3
DIPPA_07642.mRNA.1	PF00078:RVT_1,PF00078:RVT_1
DIPPA_07680.mRNA.1	PF11523:DUF3223,PF11523:DUF3223,PF08777:RRM_3
DIPPA_07793.mRNA.1	PF12796:Ank_2,PF12796:Ank_2,PF03372:Exo_endo_phos,PF00078:RVT_1
DIPPA_07821.mRNA.1	PF00078:RVT_1,PF00078:RVT_1
DIPPA_07828.mRNA.1	PF00078:RVT_1,PF00078:RVT_1
DIPPA_07832.mRNA.1	PF00078:RVT_1,PF00078:RVT_1
DIPPA_07835.mRNA.1	PF13456:RVT_3,PF13456:RVT_3
DIPPA_07843.mRNA.1	PF01555:N6_N4_Mtase,PF01555:N6_N4_Mtase
DIPPA_07885.mRNA.1	PF13456:RVT_3,PF13456:RVT_3
DIPPA_07896.mRNA.1	PF00092:VWA,PF00092:VWA,PF00092:VWA,PF00092:VWA,PF00092:VWA,PF00092:VWA
DIPPA_07921.mRNA.1	PF00622:SPRY,PF00622:SPRY
DIPPA_08022.mRNA.1	PF06742:DUF1214,PF06742:DUF1214
DIPPA_08034.mRNA.1	PF00642:zf-CCCH,PF18345:zf_CCCH_4
DIPPA_08038.mRNA.1	PF00240:ubiquitin,PF01329:Pterin_4a,PF01329:Pterin_4a
DIPPA_08066.mRNA.1	PF04119:HSP9_HSP12,PF04119:HSP9_HSP12,PF04119:HSP9_HSP12
DIPPA_08082.mRNA.1	PF02252:PA28_beta,PF02252:PA28_beta
DIPPA_08082.mRNA.2	PF02252:PA28_beta,PF02252:PA28_beta
DIPPA_08121.mRNA.1	PF00076:RRM_1,PF00076:RRM_1,PF00076:RRM_1
DIPPA_08141.mRNA.1	PF04577:Glyco_transf_61,PF04577:Glyco_transf_61
DIPPA_08155.mRNA.1	PF00078:RVT_1,PF00078:RVT_1
DIPPA_08166.mRNA.1	PF00078:RVT_1,PF00078:RVT_1,PF00078:RVT_1,PF00078:RVT_1
DIPPA_08177.mRNA.1	PF00078:RVT_1,PF00078:RVT_1
DIPPA_08187.mRNA.1	PF00078:RVT_1,PF00078:RVT_1
DIPPA_08207.mRNA.1	PF13456:RVT_3,PF13456:RVT_3
DIPPA_08239.mRNA.1	PF13812:PPR_3,PF13812:PPR_3,PF13812:PPR_3,PF13812:PPR_3
DIPPA_08305.mRNA.1	PF11051:Mannosyl_trans3,PF11051:Mannosyl_trans3
DIPPA_08362.mRNA.1	PF12157:DUF3591,PF12157:DUF3591
DIPPA_08385.mRNA.1	PF00078:RVT_1,PF00078:RVT_1
DIPPA_08400.mRNA.1	PF13637:Ank_4,PF13637:Ank_4
DIPPA_08516.mRNA.1	PF02338:OTU,PF00078:RVT_1
DIPPA_08571.mRNA.1	PF13910:DUF4209,PF13910:DUF4209,PF13910:DUF4209
DIPPA_08587.mRNA.1	PF13639:zf-RING_2,PF13639:zf-RING_2,PF13639:zf-RING_2
DIPPA_08615.mRNA.1	PF00078:RVT_1,PF00078:RVT_1
DIPPA_08618.mRNA.1	PF00078:RVT_1,PF00078:RVT_1
DIPPA_08659.mRNA.1	PF03094:Mlo,PF03094:Mlo
DIPPA_08668.mRNA.1	PF00078:RVT_1,PF00078:RVT_1
DIPPA_08687.mRNA.1	PF18044:zf-CCCH_4,PF18044:zf-CCCH_4,PF18044:zf-CCCH_4
DIPPA_08706.mRNA.1	PF01593:Amino_oxidase,PF01593:Amino_oxidase,PF01593:Amino_oxidase
DIPPA_08775.mRNA.1	PF13041:PPR_2,PF13041:PPR_2,PF13041:PPR_2
DIPPA_08783.mRNA.1	PF00092:VWA,PF00092:VWA,PF00092:VWA,PF00092:VWA,PF00092:VWA,PF00092:VWA
DIPPA_08799.mRNA.1	PF00412:LIM,PF00412:LIM
DIPPA_08808.mRNA.1	PF00059:Lectin_C,PF00059:Lectin_C,PF00059:Lectin_C,PF00059:Lectin_C,PF00059:Lectin_C,PF00059:Lectin_C,PF00059:Lectin_C,PF00059:Lectin_C,PF00059:Lectin_C,PF00059:Lectin_C,PF00059:Lectin_C,PF00059:Lectin_C,PF00059:Lectin_C,PF00059:Lectin_C,PF00059:Lectin_C,PF00059:Lectin_C,PF00059:Lectin_C,PF00059:Lectin_C,PF00059:Lectin_C,PF00059:Lectin_C,PF00059:Lectin_C,PF00059:Lectin_C,PF00059:Lectin_C,PF00059:Lectin_C,PF00059:Lectin_C,PF00059:Lectin_C,PF00059:Lectin_C
DIPPA_08822.mRNA.1	PF00059:Lectin_C,PF00059:Lectin_C,PF00059:Lectin_C,PF00059:Lectin_C
DIPPA_08827.mRNA.1	PF00612:IQ,PF00612:IQ
DIPPA_08856.mRNA.1	PF13671:AAA_33,PF13671:AAA_33,PF13671:AAA_33
DIPPA_08933.mRNA.1	PF12951:PATR,PF12951:PATR,PF15979:Glyco_hydro_115,PF17829:GH115_C,PF17829:GH115_C
DIPPA_08957.mRNA.1	PF12951:PATR,PF12951:PATR,PF12951:PATR,PF15979:Glyco_hydro_115,PF17829:GH115_C
DIPPA_08958.mRNA.1	PF15979:Glyco_hydro_115,PF17829:GH115_C,PF17829:GH115_C
DIPPA_08984.mRNA.1	PF01963:TraB_PrgY_gumN,PF01963:TraB_PrgY_gumN
DIPPA_09001.mRNA.1	PF12796:Ank_2,PF00023:Ank
DIPPA_09031.mRNA.1	PF00078:RVT_1,PF00078:RVT_1
DIPPA_09033.mRNA.1	PF08016:PKD_channel,PF08016:PKD_channel
DIPPA_09040.mRNA.1	PF00078:RVT_1,PF00078:RVT_1
DIPPA_09092.mRNA.1	PF00589:Phage_integrase,PF00589:Phage_integrase
DIPPA_09142.mRNA.1	PF00012:HSP70,PF00012:HSP70,PF00012:HSP70
DIPPA_09155.mRNA.1	PF07690:MFS_1,PF07690:MFS_1
DIPPA_09208.mRNA.1	PF13449:Phytase-like,PF13449:Phytase-like,PF13449:Phytase-like,PF13449:Phytase-like,PF13449:Phytase-like,PF13449:Phytase-like
DIPPA_09220.mRNA.1	PF00078:RVT_1,PF00078:RVT_1
DIPPA_09221.mRNA.1	PF00078:RVT_1,PF00078:RVT_1
DIPPA_09251.mRNA.1	PF05206:TRM13,PF05206:TRM13
DIPPA_09266.mRNA.1	PF05686:Glyco_transf_90,PF05686:Glyco_transf_90
DIPPA_09270.mRNA.1	PF00569:ZZ,PF00569:ZZ,PF00569:ZZ
DIPPA_09401.mRNA.1	PF04055:Radical_SAM,PF04055:Radical_SAM,PF12345:DUF3641
DIPPA_09432.mRNA.1	PF13456:RVT_3,PF13456:RVT_3
DIPPA_09462.mRNA.1	PF00078:RVT_1,PF00078:RVT_1
DIPPA_09470.mRNA.1	PF13855:LRR_8,PF13855:LRR_8,PF00612:IQ,PF00612:IQ,PF00612:IQ,PF00612:IQ,PF00612:IQ
DIPPA_09473.mRNA.1	PF14443:DBC1,PF14443:DBC1,PF14443:DBC1
DIPPA_09557.mRNA.1	PF11719:Drc1-Sld2,PF11719:Drc1-Sld2,PF11719:Drc1-Sld2,PF11719:Drc1-Sld2,PF11719:Drc1-Sld2,PF11719:Drc1-Sld2,PF11719:Drc1-Sld2,PF11719:Drc1-Sld2,PF11719:Drc1-Sld2,PF11719:Drc1-Sld2,PF11719:Drc1-Sld2
DIPPA_09557.mRNA.2	PF11719:Drc1-Sld2,PF11719:Drc1-Sld2,PF11719:Drc1-Sld2,PF11719:Drc1-Sld2,PF11719:Drc1-Sld2,PF11719:Drc1-Sld2,PF11719:Drc1-Sld2,PF11719:Drc1-Sld2,PF11719:Drc1-Sld2,PF11719:Drc1-Sld2
DIPPA_09557.mRNA.3	PF11719:Drc1-Sld2,PF11719:Drc1-Sld2,PF11719:Drc1-Sld2,PF11719:Drc1-Sld2,PF11719:Drc1-Sld2,PF11719:Drc1-Sld2,PF11719:Drc1-Sld2,PF11719:Drc1-Sld2,PF11719:Drc1-Sld2,PF11719:Drc1-Sld2
DIPPA_09573.mRNA.1	PF08240:ADH_N,PF08240:ADH_N
DIPPA_09659.mRNA.1	PF13360:PQQ_2,PF13360:PQQ_2
DIPPA_09689.mRNA.1	PF15247:SLBP_RNA_bind,PF15247:SLBP_RNA_bind
DIPPA_09692.mRNA.1	PF01593:Amino_oxidase,PF01593:Amino_oxidase
DIPPA_09700.mRNA.1	PF14908:HU-CCDC81_euk_1,PF18289:HU-CCDC81_euk_2
DIPPA_09719.mRNA.1	PF12796:Ank_2,PF00023:Ank,PF00023:Ank
DIPPA_09749.mRNA.1	PF14295:PAN_4,PF00024:PAN_1,PF00024:PAN_1,PF00024:PAN_1
DIPPA_09857.mRNA.1	PF00078:RVT_1,PF00078:RVT_1
DIPPA_09879.mRNA.1	PF11913:DUF3431,PF11913:DUF3431
DIPPA_09881.mRNA.1	PF13639:zf-RING_2,PF13639:zf-RING_2,PF13639:zf-RING_2
DIPPA_09881.mRNA.2	PF13639:zf-RING_2,PF13639:zf-RING_2
DIPPA_09910.mRNA.1	PF12796:Ank_2,PF12796:Ank_2,PF12796:Ank_2,PF00023:Ank,PF12796:Ank_2
DIPPA_09960.mRNA.1	PF01549:ShK,PF01549:ShK
DIPPA_09980.mRNA.1	PF07691:PA14,PF07691:PA14,PF07691:PA14,PF07691:PA14
DIPPA_09986.mRNA.1	PF07691:PA14,PF07691:PA14,PF07691:PA14,PF07691:PA14
DIPPA_10035.mRNA.1	PF00589:Phage_integrase,PF00589:Phage_integrase
DIPPA_10063.mRNA.1	PF00078:RVT_1,PF00078:RVT_1
DIPPA_10065.mRNA.1	PF00078:RVT_1,PF00078:RVT_1
DIPPA_10085.mRNA.1	PF13475:DUF4116,PF13475:DUF4116,PF13475:DUF4116,PF13475:DUF4116
DIPPA_10221.mRNA.1	PF00313:CSD,PF00313:CSD,PF00313:CSD
DIPPA_10229.mRNA.1	PF02330:MAM33,PF02330:MAM33
DIPPA_10239.mRNA.1	PF00240:ubiquitin,PF00240:ubiquitin
DIPPA_10239.mRNA.2	PF00240:ubiquitin,PF00240:ubiquitin
DIPPA_10240.mRNA.1	PF00313:CSD,PF00313:CSD
DIPPA_10246.mRNA.1	PF07344:Amastin,PF07344:Amastin
DIPPA_10282.mRNA.1	PF00397:WW,PF00397:WW,PF12931:Sec16_C
DIPPA_10301.mRNA.1	PF12951:PATR,PF12951:PATR,PF12951:PATR,PF15979:Glyco_hydro_115,PF17829:GH115_C
DIPPA_10401.mRNA.1	PF00078:RVT_1,PF00078:RVT_1
DIPPA_10456.mRNA.1	PF14705:Costars,PF02209:VHP
DIPPA_10485.mRNA.1	PF00078:RVT_1,PF00078:RVT_1
DIPPA_10500.mRNA.1	PF05270:AbfB,PF04646:DUF604,PF04646:DUF604
DIPPA_10530.mRNA.1	PF00589:Phage_integrase,PF00589:Phage_integrase
DIPPA_10562.mRNA.1	PF00078:RVT_1,PF00078:RVT_1
DIPPA_10572.mRNA.1	PF13456:RVT_3,PF13456:RVT_3
DIPPA_10623.mRNA.1	PF04417:DUF501,PF04417:DUF501,PF04417:DUF501,PF04417:DUF501,PF04417:DUF501
DIPPA_10663.mRNA.1	PF13920:zf-C3HC4_3,PF13920:zf-C3HC4_3,PF13920:zf-C3HC4_3
DIPPA_10738.mRNA.1	PF13415:Kelch_3,PF13415:Kelch_3,PF13415:Kelch_3
DIPPA_10738.mRNA.2	PF13415:Kelch_3,PF13415:Kelch_3,PF13415:Kelch_3
DIPPA_10813.mRNA.1	PF01112:Asparaginase_2,PF01112:Asparaginase_2
DIPPA_10825.mRNA.1	PF12796:Ank_2,PF12796:Ank_2,PF13606:Ank_3
DIPPA_10919.mRNA.1	PF13515:FUSC_2,PF13515:FUSC_2
DIPPA_10966.mRNA.1	PF05787:PhoX,PF05787:PhoX,PF05787:PhoX,PF05787:PhoX,PF05787:PhoX,PF05787:PhoX,PF05787:PhoX,PF05787:PhoX,PF05787:PhoX,PF05787:PhoX
DIPPA_11029.mRNA.1	PF02151:UVR,PF02151:UVR
DIPPA_11204.mRNA.1	PF08016:PKD_channel,PF08016:PKD_channel
DIPPA_11280.mRNA.1	PF13499:EF-hand_7,PF13499:EF-hand_7
DIPPA_11363.mRNA.1	PF14752:RBP_receptor,PF14752:RBP_receptor
DIPPA_11369.mRNA.1	PF00589:Phage_integrase,PF00589:Phage_integrase
DIPPA_11404.mRNA.1	PF00787:PX,PF00011:HSP20
DIPPA_11416.mRNA.1	PF00787:PX,PF00787:PX
DIPPA_11427.mRNA.1	PF00078:RVT_1,PF00078:RVT_1
DIPPA_11460.mRNA.1	PF00589:Phage_integrase,PF00589:Phage_integrase
DIPPA_11510.mRNA.1	PF01880:Desulfoferrodox,PF01880:Desulfoferrodox,PF01880:Desulfoferrodox,PF01880:Desulfoferrodox,PF01880:Desulfoferrodox,PF03188:Cytochrom_B561
DIPPA_11526.mRNA.1	PF12796:Ank_2,PF12796:Ank_2,PF12796:Ank_2,PF12796:Ank_2,PF12796:Ank_2,PF12796:Ank_2,PF12796:Ank_2,PF13637:Ank_4,PF12796:Ank_2,PF12796:Ank_2,PF12796:Ank_2,PF12796:Ank_2,PF12796:Ank_2,PF13637:Ank_4,PF12796:Ank_2,PF12796:Ank_2,PF13637:Ank_4,PF00023:Ank,PF12796:Ank_2,PF13637:Ank_4
DIPPA_11544.mRNA.1	PF00300:His_Phos_1,PF00300:His_Phos_1
DIPPA_11573.mRNA.1	PF15247:SLBP_RNA_bind,PF15247:SLBP_RNA_bind
DIPPA_11582.mRNA.1	PF13456:RVT_3,PF13456:RVT_3
DIPPA_11587.mRNA.1	PF00415:RCC1,PF00415:RCC1,PF00415:RCC1,PF00415:RCC1,PF00415:RCC1,PF13540:RCC1_2,PF00415:RCC1
DIPPA_11672.mRNA.1	PF01926:MMR_HSR1,PF01926:MMR_HSR1,PF04548:AIG1
DIPPA_11746.mRNA.1	PF00078:RVT_1,PF00078:RVT_1,PF00078:RVT_1
DIPPA_11754.mRNA.1	PF18044:zf-CCCH_4,PF18044:zf-CCCH_4,PF00078:RVT_1
DIPPA_11772.mRNA.1	PF00078:RVT_1,PF00078:RVT_1
DIPPA_11796.mRNA.1	PF13456:RVT_3,PF13456:RVT_3
DIPPA_11807.mRNA.1	PF00755:Carn_acyltransf,PF00755:Carn_acyltransf
DIPPA_11837.mRNA.1	PF00078:RVT_1,PF00078:RVT_1
DIPPA_11855.mRNA.1	PF12796:Ank_2,PF12796:Ank_2,PF12796:Ank_2
DIPPA_11861.mRNA.1	PF13041:PPR_2,PF01535:PPR,PF13041:PPR_2,PF13041:PPR_2,PF13041:PPR_2
DIPPA_11987.mRNA.1	PF00078:RVT_1,PF00078:RVT_1
DIPPA_12013.mRNA.1	PF13385:Laminin_G_3,PF13385:Laminin_G_3,PF13385:Laminin_G_3,PF13385:Laminin_G_3,PF13385:Laminin_G_3,PF13385:Laminin_G_3,PF13385:Laminin_G_3,PF13385:Laminin_G_3,PF13385:Laminin_G_3
DIPPA_12052.mRNA.1	PF00313:CSD,PF00313:CSD
DIPPA_12052.mRNA.2	PF00313:CSD,PF00313:CSD
DIPPA_12091.mRNA.1	PF13812:PPR_3,PF13812:PPR_3,PF13812:PPR_3
DIPPA_12096.mRNA.1	PF00023:Ank,PF00023:Ank
DIPPA_12131.mRNA.1	PF18044:zf-CCCH_4,PF18044:zf-CCCH_4
DIPPA_12193.mRNA.1	PF00078:RVT_1,PF00078:RVT_1
DIPPA_12229.mRNA.1	PF00078:RVT_1,PF00443:UCH
DIPPA_12261.mRNA.1	PF00092:VWA,PF00092:VWA,PF00092:VWA,PF00092:VWA
DIPPA_12321.mRNA.1	PF13456:RVT_3,PF13456:RVT_3
DIPPA_12385.mRNA.1	PF00111:Fer2,PF00111:Fer2
DIPPA_12451.mRNA.1	PF00400:WD40,PF00400:WD40,PF00400:WD40,PF00400:WD40,PF00400:WD40
DIPPA_12465.mRNA.1	PF00240:ubiquitin,PF00240:ubiquitin
DIPPA_12534.mRNA.1	PF01753:zf-MYND,PF01753:zf-MYND
DIPPA_12534.mRNA.2	PF01753:zf-MYND,PF01753:zf-MYND
DIPPA_12550.mRNA.1	PF00041:fn3,PF00041:fn3,PF00041:fn3,PF00041:fn3,PF00041:fn3,PF00041:fn3,PF00041:fn3,PF00041:fn3,PF00041:fn3,PF00041:fn3,PF00041:fn3,PF00041:fn3,PF00041:fn3,PF16656:Pur_ac_phosph_N,PF00041:fn3,PF00041:fn3,PF00041:fn3,PF00041:fn3,PF00041:fn3
DIPPA_12671.mRNA.1	PF13456:RVT_3,PF13456:RVT_3,PF13456:RVT_3
DIPPA_12699.mRNA.1	PF07517:SecA_DEAD,PF07517:SecA_DEAD
DIPPA_12738.mRNA.1	PF00078:RVT_1,PF00078:RVT_1
DIPPA_12792.mRNA.1	PF00078:RVT_1,PF00078:RVT_1
DIPPA_12805.mRNA.1	PF16670:PI-PLC-C1,PF16670:PI-PLC-C1
DIPPA_12818.mRNA.1	PF00536:SAM_1,PF00397:WW,PF00397:WW
DIPPA_12827.mRNA.1	PF00027:cNMP_binding,PF00027:cNMP_binding,PF00027:cNMP_binding
DIPPA_12858.mRNA.1	PF04119:HSP9_HSP12,PF04119:HSP9_HSP12,PF04119:HSP9_HSP12,PF04119:HSP9_HSP12,PF04119:HSP9_HSP12,PF04119:HSP9_HSP12
DIPPA_12869.mRNA.1	PF13499:EF-hand_7,PF00036:EF-hand_1
DIPPA_12870.mRNA.1	PF04119:HSP9_HSP12,PF04119:HSP9_HSP12,PF04119:HSP9_HSP12,PF04119:HSP9_HSP12,PF04119:HSP9_HSP12,PF04119:HSP9_HSP12,PF04119:HSP9_HSP12,PF04119:HSP9_HSP12
DIPPA_12952.mRNA.1	PF07491:PPI_Ypi1,PF07491:PPI_Ypi1
DIPPA_12994.mRNA.1	PF02687:FtsX,PF02687:FtsX,PF02687:FtsX,PF02687:FtsX
DIPPA_13025.mRNA.1	PF00153:Mito_carr,PF00153:Mito_carr,PF00153:Mito_carr
DIPPA_13031.mRNA.1	PF00293:NUDIX,PF00293:NUDIX
DIPPA_13072.mRNA.1	PF00581:Rhodanese,PF00581:Rhodanese,PF00581:Rhodanese
DIPPA_13084.mRNA.1	PF00078:RVT_1,PF00078:RVT_1
DIPPA_13114.mRNA.1	PF00078:RVT_1,PF00078:RVT_1
DIPPA_13116.mRNA.1	PF00078:RVT_1,PF00078:RVT_1
DIPPA_13117.mRNA.1	PF00078:RVT_1,PF00078:RVT_1
DIPPA_13145.mRNA.1	PF06626:DUF1152,PF06626:DUF1152
DIPPA_13324.mRNA.1	PF00078:RVT_1,PF00078:RVT_1
DIPPA_13357.mRNA.1	PF00078:RVT_1,PF00078:RVT_1
DIPPA_13420.mRNA.1	PF00313:CSD,PF00313:CSD,PF00313:CSD
DIPPA_13458.mRNA.1	PF00078:RVT_1,PF00078:RVT_1
DIPPA_13460.mRNA.1	PF00092:VWA,PF00092:VWA,PF00092:VWA,PF00092:VWA
DIPPA_13498.mRNA.1	PF02825:WWE,PF02825:WWE
DIPPA_13506.mRNA.1	PF00169:PH,PF00169:PH
DIPPA_13520.mRNA.1	PF00042:Globin,PF00042:Globin,PF00042:Globin
DIPPA_13581.mRNA.1	PF00069:Pkinase,PF00069:Pkinase
DIPPA_13653.mRNA.1	PF04756:OST3_OST6,PF04756:OST3_OST6
DIPPA_13761.mRNA.1	PF00069:Pkinase,PF00069:Pkinase,PF13431:TPR_17,PF13431:TPR_17,PF13431:TPR_17,PF13431:TPR_17
DIPPA_13774.mRNA.1	PF17681:GCP_N_terminal,PF04130:GCP_C_terminal
DIPPA_13792.mRNA.1	PF00211:Guanylate_cyc,PF00211:Guanylate_cyc
DIPPA_13800.mRNA.1	PF13456:RVT_3,PF00075:RNase_H
DIPPA_13876.mRNA.1	PF12937:F-box-like,PF12937:F-box-like
DIPPA_13941.mRNA.1	PF01652:IF4E,PF01652:IF4E
DIPPA_13947.mRNA.1	PF01925:TauE,PF01925:TauE,PF01925:TauE
DIPPA_13978.mRNA.1	PF00096:zf-C2H2,PF00096:zf-C2H2
DIPPA_14038.mRNA.1	PF06011:TRP,PF06011:TRP
DIPPA_14047.mRNA.1	PF00078:RVT_1,PF00078:RVT_1
DIPPA_14102.mRNA.1	PF00078:RVT_1,PF00078:RVT_1
DIPPA_14112.mRNA.1	PF13499:EF-hand_7,PF00036:EF-hand_1
DIPPA_14255.mRNA.1	PF00641:zf-RanBP,PF00641:zf-RanBP,PF00641:zf-RanBP,PF00641:zf-RanBP
DIPPA_14277.mRNA.1	PF00078:RVT_1,PF00078:RVT_1
DIPPA_14330.mRNA.1	PF00787:PX,PF00787:PX,PF00787:PX,PF00787:PX
DIPPA_14343.mRNA.1	PF02469:Fasciclin,PF02469:Fasciclin,PF02469:Fasciclin
DIPPA_14408.mRNA.1	PF00589:Phage_integrase,PF00589:Phage_integrase
DIPPA_14428.mRNA.1	PF06741:LsmAD,PF06741:LsmAD,PF06741:LsmAD
DIPPA_14502.mRNA.1	PF00023:Ank,PF00023:Ank,PF13499:EF-hand_7
DIPPA_14519.mRNA.1	PF00612:IQ,PF00612:IQ,PF00612:IQ,PF00612:IQ,PF00612:IQ,PF00612:IQ,PF00612:IQ
DIPPA_14520.mRNA.1	PF00589:Phage_integrase,PF00589:Phage_integrase
DIPPA_14537.mRNA.1	PF14200:RicinB_lectin_2,PF14200:RicinB_lectin_2,PF14200:RicinB_lectin_2
DIPPA_14539.mRNA.1	PF00078:RVT_1,PF00078:RVT_1
DIPPA_14572.mRNA.1	PF01529:DHHC,PF01529:DHHC
DIPPA_14666.mRNA.1	PF13456:RVT_3,PF13456:RVT_3
DIPPA_14694.mRNA.1	PF07992:Pyr_redox_2,PF07992:Pyr_redox_2
DIPPA_14710.mRNA.1	PF08242:Methyltransf_12,PF08242:Methyltransf_12
DIPPA_14710.mRNA.2	PF08242:Methyltransf_12,PF08242:Methyltransf_12
DIPPA_14712.mRNA.1	PF00078:RVT_1,PF00078:RVT_1
DIPPA_14715.mRNA.1	PF03407:Nucleotid_trans,PF03407:Nucleotid_trans
DIPPA_14757.mRNA.1	PF13456:RVT_3,PF13456:RVT_3
DIPPA_14758.mRNA.1	PF04145:Ctr,PF04145:Ctr
DIPPA_14868.mRNA.1	PF13041:PPR_2,PF13041:PPR_2,PF13041:PPR_2,PF13812:PPR_3,PF13041:PPR_2
DIPPA_14889.mRNA.1	PF05013:FGase,PF05013:FGase
DIPPA_14890.mRNA.1	PF13812:PPR_3,PF13812:PPR_3
DIPPA_14905.mRNA.1	PF00561:Abhydrolase_1,PF00561:Abhydrolase_1
DIPPA_14946.mRNA.1	PF11875:DnaJ-like_C11_C,PF11875:DnaJ-like_C11_C,PF11875:DnaJ-like_C11_C,PF00627:UBA,PF11875:DnaJ-like_C11_C,PF11875:DnaJ-like_C11_C,PF00627:UBA
DIPPA_14961.mRNA.1	PF07691:PA14,PF07691:PA14,PF07691:PA14,PF07691:PA14
DIPPA_14961.mRNA.2	PF07691:PA14,PF07691:PA14,PF07691:PA14,PF07691:PA14
DIPPA_14961.mRNA.3	PF07691:PA14,PF07691:PA14,PF07691:PA14,PF07691:PA14
DIPPA_14996.mRNA.1	PF12341:Mcl1_mid,PF12341:Mcl1_mid,PF12341:Mcl1_mid
DIPPA_15092.mRNA.1	PF00635:Motile_Sperm,PF00635:Motile_Sperm
DIPPA_15147.mRNA.1	PF18044:zf-CCCH_4,PF18044:zf-CCCH_4,PF18044:zf-CCCH_4
DIPPA_15239.mRNA.1	PF18044:zf-CCCH_4,PF18044:zf-CCCH_4,PF18044:zf-CCCH_4
DIPPA_15253.mRNA.1	PF06701:MIB_HERC2,PF06701:MIB_HERC2
DIPPA_15352.mRNA.1	PF00078:RVT_1,PF00443:UCH
DIPPA_15380.mRNA.1	PF01428:zf-AN1,PF01428:zf-AN1
DIPPA_15387.mRNA.1	PF12796:Ank_2,PF13637:Ank_4,PF00023:Ank,PF13637:Ank_4,PF12796:Ank_2,PF00023:Ank
DIPPA_15409.mRNA.1	PF03924:CHASE,PF03924:CHASE
DIPPA_15484.mRNA.1	PF13385:Laminin_G_3,PF13385:Laminin_G_3,PF13385:Laminin_G_3
DIPPA_15519.mRNA.1	PF18898:DUF5654,PF18898:DUF5654,PF18898:DUF5654,PF18898:DUF5654,PF18898:DUF5654
DIPPA_15530.mRNA.1	PF13405:EF-hand_6,PF13499:EF-hand_7,PF13499:EF-hand_7,PF13405:EF-hand_6
DIPPA_15554.mRNA.1	PF13671:AAA_33,PF13671:AAA_33
DIPPA_15628.mRNA.1	PF00643:zf-B_box,PF00643:zf-B_box,PF00643:zf-B_box,PF00643:zf-B_box,PF00643:zf-B_box
DIPPA_15640.mRNA.1	PF08806:Sep15_SelM,PF08806:Sep15_SelM
DIPPA_15647.mRNA.1	PF00078:RVT_1,PF00078:RVT_1
DIPPA_15740.mRNA.1	PF12951:PATR,PF12951:PATR,PF12951:PATR,PF15979:Glyco_hydro_115,PF17829:GH115_C
DIPPA_15743.mRNA.1	PF00024:PAN_1,PF13385:Laminin_G_3,PF00024:PAN_1,PF00024:PAN_1,PF13385:Laminin_G_3,PF00024:PAN_1,PF13385:Laminin_G_3,PF00024:PAN_1,PF13385:Laminin_G_3,PF00024:PAN_1,PF13385:Laminin_G_3,PF13385:Laminin_G_3,PF13385:Laminin_G_3
DIPPA_15749.mRNA.1	PF12951:PATR,PF12951:PATR,PF12951:PATR,PF15979:Glyco_hydro_115,PF17829:GH115_C
DIPPA_15760.mRNA.1	PF00036:EF-hand_1,PF00036:EF-hand_1,PF00036:EF-hand_1,PF13405:EF-hand_6,PF13499:EF-hand_7
DIPPA_15760.mRNA.2	PF00036:EF-hand_1,PF00036:EF-hand_1,PF00036:EF-hand_1,PF13405:EF-hand_6
DIPPA_15830.mRNA.1	PF00078:RVT_1,PF00078:RVT_1
DIPPA_15853.mRNA.1	PF01129:ART,PF01129:ART,PF12796:Ank_2,PF01129:ART,PF12796:Ank_2
DIPPA_15866.mRNA.1	PF00092:VWA,PF00092:VWA,PF00092:VWA,PF00092:VWA,PF00092:VWA
DIPPA_15875.mRNA.1	PF13416:SBP_bac_8,PF13416:SBP_bac_8
DIPPA_15893.mRNA.1	PF14922:FWWh,PF14922:FWWh
DIPPA_15951.mRNA.1	PF03372:Exo_endo_phos,PF00078:RVT_1,PF00078:RVT_1
DIPPA_15958.mRNA.1	PF00589:Phage_integrase,PF00589:Phage_integrase
DIPPA_15962.mRNA.1	PF08309:LVIVD,PF08309:LVIVD,PF08309:LVIVD,PF08309:LVIVD,PF08309:LVIVD
DIPPA_15968.mRNA.1	PF08309:LVIVD,PF08309:LVIVD,PF08309:LVIVD,PF08309:LVIVD,PF08309:LVIVD,PF08309:LVIVD
DIPPA_15978.mRNA.1	PF13639:zf-RING_2,PF13639:zf-RING_2
DIPPA_15982.mRNA.1	PF01593:Amino_oxidase,PF01593:Amino_oxidase
DIPPA_15983.mRNA.1	PF08309:LVIVD,PF08309:LVIVD,PF08309:LVIVD,PF08309:LVIVD,PF08309:LVIVD
DIPPA_15986.mRNA.1	PF08309:LVIVD,PF08309:LVIVD,PF08309:LVIVD,PF08309:LVIVD,PF08309:LVIVD
DIPPA_16004.mRNA.1	PF08309:LVIVD,PF08309:LVIVD,PF08309:LVIVD,PF08309:LVIVD,PF08309:LVIVD
DIPPA_16051.mRNA.1	PF21646:ACTMAP-like_C,PF13508:Acetyltransf_7,PF21646:ACTMAP-like_C,PF21646:ACTMAP-like_C
DIPPA_16121.mRNA.1	PF01370:Epimerase,PF01370:Epimerase,PF01370:Epimerase
DIPPA_16145.mRNA.1	PF13456:RVT_3,PF13456:RVT_3
DIPPA_16150.mRNA.1	PF00076:RRM_1,PF00642:zf-CCCH,PF00076:RRM_1
DIPPA_16187.mRNA.1	PF00078:RVT_1,PF00078:RVT_1
DIPPA_16263.mRNA.1	PF00078:RVT_1,PF00078:RVT_1
DIPPA_16370.mRNA.1	PF00076:RRM_1,PF00076:RRM_1
DIPPA_16378.mRNA.2	PF13019:Sde2_N_Ubi,PF13019:Sde2_N_Ubi
DIPPA_16415.mRNA.1	PF07690:MFS_1,PF07690:MFS_1
DIPPA_16418.mRNA.1	PF03372:Exo_endo_phos,PF03372:Exo_endo_phos
DIPPA_16435.mRNA.1	PF14587:Glyco_hydr_30_2,PF14200:RicinB_lectin_2,PF14200:RicinB_lectin_2
DIPPA_16495.mRNA.1	PF00787:PX,PF00787:PX
DIPPA_16503.mRNA.1	PF07989:Cnn_1N,PF07989:Cnn_1N,PF07989:Cnn_1N,PF07989:Cnn_1N,PF07989:Cnn_1N,PF07989:Cnn_1N,PF07989:Cnn_1N
DIPPA_16521.mRNA.1	PF00078:RVT_1,PF00078:RVT_1
DIPPA_16522.mRNA.1	PF00078:RVT_1,PF00078:RVT_1
DIPPA_16591.mRNA.1	PF11719:Drc1-Sld2,PF11719:Drc1-Sld2,PF11719:Drc1-Sld2,PF11719:Drc1-Sld2,PF11719:Drc1-Sld2,PF11719:Drc1-Sld2,PF11719:Drc1-Sld2
DIPPA_16603.mRNA.1	PF07691:PA14,PF07691:PA14,PF07691:PA14,PF07691:PA14,PF16586:DUF5060
DIPPA_16639.mRNA.1	PF00078:RVT_1,PF00078:RVT_1
DIPPA_16657.mRNA.1	PF00854:PTR2,PF00854:PTR2
DIPPA_16708.mRNA.1	PF10551:MULE,PF10551:MULE
DIPPA_16773.mRNA.1	PF00149:Metallophos,PF00149:Metallophos
DIPPA_16847.mRNA.1	PF00589:Phage_integrase,PF00589:Phage_integrase
DIPPA_16855.mRNA.1	PF00078:RVT_1,PF00078:RVT_1
DIPPA_16926.mRNA.1	PF13180:PDZ_2,PF13180:PDZ_2
DIPPA_16942.mRNA.1	PF00153:Mito_carr,PF00153:Mito_carr,PF00153:Mito_carr
DIPPA_16946.mRNA.1	PF01535:PPR,PF01535:PPR,PF01535:PPR,PF01535:PPR
DIPPA_16973.mRNA.1	PF00589:Phage_integrase,PF00589:Phage_integrase
DIPPA_17014.mRNA.1	PF00240:ubiquitin,PF12796:Ank_2,PF00240:ubiquitin
DIPPA_17032.mRNA.1	PF18044:zf-CCCH_4,PF18044:zf-CCCH_4
DIPPA_17077.mRNA.1	PF00036:EF-hand_1,PF00036:EF-hand_1
DIPPA_17153.mRNA.1	PF00498:FHA,PF01885:PTS_2-RNA
DIPPA_17169.mRNA.1	PF00589:Phage_integrase,PF00589:Phage_integrase
DIPPA_17202.mRNA.1	PF00078:RVT_1,PF00078:RVT_1
DIPPA_17204.mRNA.1	PF00078:RVT_1,PF00078:RVT_1
DIPPA_17253.mRNA.1	PF13424:TPR_12,PF13374:TPR_10,PF13374:TPR_10,PF13374:TPR_10,PF13374:TPR_10,PF13424:TPR_12
DIPPA_17325.mRNA.1	PF02037:SAP,PF02037:SAP
DIPPA_17392.mRNA.1	PF00078:RVT_1,PF00078:RVT_1
DIPPA_17406.mRNA.1	PF13639:zf-RING_2,PF13639:zf-RING_2
DIPPA_17412.mRNA.1	PF13639:zf-RING_2,PF13639:zf-RING_2,PF13639:zf-RING_2
DIPPA_17435.mRNA.1	PF00078:RVT_1,PF00078:RVT_1
DIPPA_17436.mRNA.1	PF00078:RVT_1,PF00078:RVT_1
DIPPA_17446.mRNA.1	PF11719:Drc1-Sld2,PF11719:Drc1-Sld2,PF11719:Drc1-Sld2,PF11719:Drc1-Sld2,PF11719:Drc1-Sld2,PF11719:Drc1-Sld2
DIPPA_17452.mRNA.1	PF13469:Sulfotransfer_3,PF13469:Sulfotransfer_3
DIPPA_17467.mRNA.1	PF00092:VWA,PF00092:VWA
DIPPA_17496.mRNA.2	PF00536:SAM_1,PF13499:EF-hand_7,PF01544:CorA
DIPPA_17506.mRNA.1	PF00856:SET,PF00856:SET
DIPPA_17648.mRNA.1	PF14397:ATPgrasp_ST,PF14397:ATPgrasp_ST
DIPPA_17670.mRNA.1	PF00226:DnaJ,PF00226:DnaJ
DIPPA_17697.mRNA.1	PF13923:zf-C3HC4_2,PF13923:zf-C3HC4_2
DIPPA_17714.mRNA.1	PF13857:Ank_5,PF12796:Ank_2,PF12796:Ank_2
DIPPA_17729.mRNA.1	PF04724:Glyco_transf_17,PF04724:Glyco_transf_17,PF04724:Glyco_transf_17
DIPPA_17785.mRNA.1	PF00642:zf-CCCH,PF00642:zf-CCCH,PF00642:zf-CCCH,PF00642:zf-CCCH
DIPPA_17785.mRNA.2	PF00642:zf-CCCH,PF00642:zf-CCCH,PF00642:zf-CCCH,PF00642:zf-CCCH
DIPPA_17785.mRNA.3	PF00642:zf-CCCH,PF00642:zf-CCCH,PF00642:zf-CCCH,PF00642:zf-CCCH
DIPPA_17895.mRNA.1	PF09745:NSRP1_N,PF09745:NSRP1_N,PF09745:NSRP1_N
DIPPA_17915.mRNA.1	PF00397:WW,PF00397:WW
DIPPA_17919.mRNA.1	PF09454:Vps23_core,PF09454:Vps23_core
DIPPA_17929.mRNA.1	PF02845:CUE,PF02845:CUE
DIPPA_17957.mRNA.1	PF05787:PhoX,PF05787:PhoX,PF05787:PhoX,PF05787:PhoX,PF05787:PhoX,PF05787:PhoX,PF05787:PhoX,PF05787:PhoX,PF05787:PhoX,PF05787:PhoX
DIPPA_17976.mRNA.1	PF00076:RRM_1,PF00076:RRM_1,PF00076:RRM_1
DIPPA_17992.mRNA.1	PF11051:Mannosyl_trans3,PF11051:Mannosyl_trans3
DIPPA_17994.mRNA.1	PF10294:Methyltransf_16,PF10294:Methyltransf_16
DIPPA_18007.mRNA.1	PF13671:AAA_33,PF06414:Zeta_toxin
DIPPA_18044.mRNA.1	PF11051:Mannosyl_trans3,PF11051:Mannosyl_trans3
DIPPA_18044.mRNA.2	PF11051:Mannosyl_trans3,PF11051:Mannosyl_trans3
DIPPA_18108.mRNA.1	PF01370:Epimerase,PF01370:Epimerase
DIPPA_18108.mRNA.2	PF01370:Epimerase,PF01370:Epimerase
DIPPA_18174.mRNA.1	PF04232:SpoVS,PF04232:SpoVS
DIPPA_18238.mRNA.1	PF00240:ubiquitin,PF00240:ubiquitin,PF00240:ubiquitin,PF00240:ubiquitin
DIPPA_18254.mRNA.1	PF13385:Laminin_G_3,PF13385:Laminin_G_3,PF13385:Laminin_G_3,PF13385:Laminin_G_3,PF00754:F5_F8_type_C,PF00754:F5_F8_type_C,PF13385:Laminin_G_3
DIPPA_18300.mRNA.1	PF02136:NTF2,PF00076:RRM_1
DIPPA_18302.mRNA.1	PF00078:RVT_1,PF00078:RVT_1
DIPPA_18323.mRNA.1	PF00078:RVT_1,PF00078:RVT_1,PF00078:RVT_1,PF00078:RVT_1
DIPPA_18332.mRNA.1	PF00078:RVT_1,PF00078:RVT_1
DIPPA_18368.mRNA.1	PF00078:RVT_1,PF00078:RVT_1
DIPPA_18387.mRNA.1	PF09409:PUB,PF09409:PUB
DIPPA_18399.mRNA.1	PF05686:Glyco_transf_90,PF05686:Glyco_transf_90
DIPPA_18407.mRNA.1	PF18044:zf-CCCH_4,PF18044:zf-CCCH_4
DIPPA_18416.mRNA.1	PF16131:Torus,PF00642:zf-CCCH,PF16131:Torus
DIPPA_18524.mRNA.1	PF13456:RVT_3,PF13456:RVT_3
DIPPA_18539.mRNA.1	PF07004:SHIPPO-rpt,PF07004:SHIPPO-rpt,PF07004:SHIPPO-rpt,PF07004:SHIPPO-rpt,PF07004:SHIPPO-rpt,PF07004:SHIPPO-rpt,PF07004:SHIPPO-rpt,PF07004:SHIPPO-rpt,PF07004:SHIPPO-rpt,PF07004:SHIPPO-rpt
DIPPA_18563.mRNA.1	PF01925:TauE,PF01925:TauE
DIPPA_18576.mRNA.1	PF15619:Lebercilin,PF12796:Ank_2,PF12796:Ank_2,PF13637:Ank_4,PF15619:Lebercilin,PF15619:Lebercilin
DIPPA_18728.mRNA.1	PF00067:p450,PF00067:p450
DIPPA_18779.mRNA.1	PF17820:PDZ_6,PF17820:PDZ_6,PF17820:PDZ_6
DIPPA_18780.mRNA.1	PF00787:PX,PF00787:PX,PF17820:PDZ_6,PF17820:PDZ_6,PF17820:PDZ_6
DIPPA_18784.mRNA.1	PF02179:BAG,PF02179:BAG,PF02179:BAG,PF02179:BAG,PF02179:BAG
DIPPA_18818.mRNA.1	PF13456:RVT_3,PF13456:RVT_3
DIPPA_18845.mRNA.1	PF00092:VWA,PF00092:VWA,PF00092:VWA,PF00092:VWA
DIPPA_18944.mRNA.1	PF11721:Malectin,PF03422:CBM_6,PF11721:Malectin,PF03422:CBM_6
DIPPA_18947.mRNA.1	PF03422:CBM_6,PF11721:Malectin,PF11721:Malectin,PF03422:CBM_6,PF11721:Malectin
DIPPA_19041.mRNA.1	PF00957:Synaptobrevin,PF00957:Synaptobrevin
DIPPA_19044.mRNA.1	PF00078:RVT_1,PF00078:RVT_1
DIPPA_19073.mRNA.1	PF13456:RVT_3,PF13456:RVT_3
DIPPA_19115.mRNA.1	PF18044:zf-CCCH_4,PF18044:zf-CCCH_4,PF18044:zf-CCCH_4,PF02338:OTU
DIPPA_19151.mRNA.1	PF00530:SRCR,PF00530:SRCR
DIPPA_19185.mRNA.1	PF04004:Leo1,PF04004:Leo1
DIPPA_19252.mRNA.1	PF00098:zf-CCHC,PF00098:zf-CCHC
DIPPA_19280.mRNA.1	PF15739:TSNAXIP1_N,PF15739:TSNAXIP1_N
DIPPA_19284.mRNA.1	PF13456:RVT_3,PF13456:RVT_3
DIPPA_19342.mRNA.1	PF00787:PX,PF00787:PX
DIPPA_19396.mRNA.1	PF00097:zf-C3HC4,PF13639:zf-RING_2,PF13639:zf-RING_2
DIPPA_19400.mRNA.1	PF00313:CSD,PF00313:CSD
DIPPA_19428.mRNA.1	PF00078:RVT_1,PF00078:RVT_1
DIPPA_19439.mRNA.1	PF13229:Beta_helix,PF13229:Beta_helix
DIPPA_19476.mRNA.1	PF12894:ANAPC4_WD40,PF12894:ANAPC4_WD40
DIPPA_19494.mRNA.1	PF13456:RVT_3,PF13456:RVT_3
DIPPA_19609.mRNA.1	PF15979:Glyco_hydro_115,PF15979:Glyco_hydro_115,PF17829:GH115_C
DIPPA_19619.mRNA.1	PF00092:VWA,PF00092:VWA,PF00092:VWA,PF00092:VWA,PF00092:VWA
DIPPA_19748.mRNA.1	PF13815:Dzip-like_N,PF13815:Dzip-like_N,PF13815:Dzip-like_N
DIPPA_19779.mRNA.1	PF13456:RVT_3,PF13456:RVT_3
DIPPA_19782.mRNA.1	PF00612:IQ,PF00612:IQ,PF00612:IQ,PF00612:IQ,PF00612:IQ,PF00612:IQ,PF00612:IQ,PF00612:IQ,PF00612:IQ,PF00612:IQ,PF00612:IQ
DIPPA_19786.mRNA.1	PF13639:zf-RING_2,PF13639:zf-RING_2
DIPPA_19795.mRNA.1	PF13456:RVT_3,PF13456:RVT_3
DIPPA_19935.mRNA.1	PF04114:Gaa1,PF04114:Gaa1
DIPPA_19997.mRNA.1	PF01391:Collagen,PF01391:Collagen,PF01391:Collagen,PF01391:Collagen
DIPPA_20037.mRNA.1	PF03747:ADP_ribosyl_GH,PF03747:ADP_ribosyl_GH
DIPPA_20049.mRNA.1	PF00024:PAN_1,PF00024:PAN_1,PF00024:PAN_1,PF00024:PAN_1,PF00024:PAN_1,PF00024:PAN_1,PF00024:PAN_1,PF00024:PAN_1,PF00024:PAN_1
DIPPA_20050.mRNA.1	PF00024:PAN_1,PF00024:PAN_1,PF00024:PAN_1,PF00024:PAN_1,PF00024:PAN_1,PF00024:PAN_1,PF00024:PAN_1
DIPPA_20062.mRNA.1	PF00397:WW,PF00397:WW,PF00397:WW
DIPPA_20069.mRNA.1	PF10500:SR-25,PF10500:SR-25,PF10500:SR-25,PF13696:zf-CCHC_2,PF13696:zf-CCHC_2,PF13696:zf-CCHC_2,PF10500:SR-25,PF10500:SR-25
DIPPA_20071.mRNA.1	PF03407:Nucleotid_trans,PF03407:Nucleotid_trans
DIPPA_20080.mRNA.1	PF07344:Amastin,PF07344:Amastin
DIPPA_20093.mRNA.1	PF10282:Lactonase,PF10282:Lactonase
DIPPA_20098.mRNA.1	PF00168:C2,PF00168:C2,PF00168:C2,PF00168:C2,PF13415:Kelch_3,PF13415:Kelch_3,PF13415:Kelch_3,PF13415:Kelch_3,PF13854:Kelch_5
DIPPA_20160.mRNA.1	PF12796:Ank_2,PF12796:Ank_2
DIPPA_20218.mRNA.1	PF00078:RVT_1,PF00078:RVT_1
DIPPA_20336.mRNA.1	PF00144:Beta-lactamase,PF00144:Beta-lactamase,PF00024:PAN_1,PF00024:PAN_1,PF00024:PAN_1,PF00024:PAN_1,PF00144:Beta-lactamase
DIPPA_20374.mRNA.1	PF08309:LVIVD,PF08309:LVIVD,PF08309:LVIVD,PF08309:LVIVD,PF08309:LVIVD,PF08309:LVIVD
DIPPA_20456.mRNA.1	PF00282:Pyridoxal_deC,PF00282:Pyridoxal_deC
DIPPA_20502.mRNA.1	PF13456:RVT_3,PF00075:RNase_H,PF13456:RVT_3
DIPPA_20505.mRNA.1	PF04616:Glyco_hydro_43,PF04616:Glyco_hydro_43
DIPPA_20512.mRNA.1	PF14222:MOR2-PAG1_N,PF14222:MOR2-PAG1_N
DIPPA_20513.mRNA.3	PF07004:SHIPPO-rpt,PF07004:SHIPPO-rpt,PF07004:SHIPPO-rpt,PF07004:SHIPPO-rpt,PF07004:SHIPPO-rpt
DIPPA_20523.mRNA.1	PF01535:PPR,PF01535:PPR,PF01535:PPR,PF01535:PPR,PF01535:PPR
DIPPA_20560.mRNA.1	PF00092:VWA,PF00092:VWA,PF00092:VWA,PF00092:VWA,PF00092:VWA
DIPPA_20561.mRNA.1	PF13456:RVT_3,PF13456:RVT_3
DIPPA_20574.mRNA.1	PF03351:DOMON,PF03351:DOMON,PF03351:DOMON
DIPPA_20585.mRNA.1	PF04931:DNA_pol_phi,PF04931:DNA_pol_phi,PF04931:DNA_pol_phi,PF04931:DNA_pol_phi,PF04931:DNA_pol_phi
DIPPA_20610.mRNA.1	PF13456:RVT_3,PF13456:RVT_3
DIPPA_20613.mRNA.1	PF02136:NTF2,PF00076:RRM_1
DIPPA_20615.mRNA.1	PF10294:Methyltransf_16,PF10294:Methyltransf_16
DIPPA_20667.mRNA.1	PF00078:RVT_1,PF00078:RVT_1
DIPPA_20676.mRNA.1	PF00300:His_Phos_1,PF00300:His_Phos_1
DIPPA_20682.mRNA.1	PF00078:RVT_1,PF00078:RVT_1,PF00078:RVT_1,PF00078:RVT_1
DIPPA_20688.mRNA.1	PF00078:RVT_1,PF00078:RVT_1
DIPPA_20702.mRNA.1	PF03105:SPX,PF03105:SPX
DIPPA_20860.mRNA.1	PF00313:CSD,PF00313:CSD,PF00313:CSD
DIPPA_20866.mRNA.1	PF00313:CSD,PF00313:CSD,PF00313:CSD
DIPPA_20868.mRNA.1	PF00313:CSD,PF00313:CSD
DIPPA_20880.mRNA.1	PF00313:CSD,PF00313:CSD
DIPPA_20885.mRNA.1	PF00313:CSD,PF00313:CSD
DIPPA_20888.mRNA.1	PF00313:CSD,PF00313:CSD,PF00313:CSD
DIPPA_20956.mRNA.1	PF00582:Usp,PF00582:Usp,PF00582:Usp
DIPPA_20991.mRNA.1	PF00755:Carn_acyltransf,PF00755:Carn_acyltransf
DIPPA_21046.mRNA.1	PF13385:Laminin_G_3,PF13385:Laminin_G_3
DIPPA_21161.mRNA.1	PF13041:PPR_2,PF13041:PPR_2,PF13041:PPR_2,PF13041:PPR_2,PF13041:PPR_2,PF13041:PPR_2,PF17177:PPR_long,PF13041:PPR_2,PF12854:PPR_1
DIPPA_21195.mRNA.1	PF00024:PAN_1,PF00024:PAN_1,PF00024:PAN_1
DIPPA_21198.mRNA.1	PF00627:UBA,PF00627:UBA
DIPPA_21208.mRNA.1	PF00651:BTB,PF00651:BTB
DIPPA_21248.mRNA.1	PF08309:LVIVD,PF08309:LVIVD,PF08309:LVIVD,PF08309:LVIVD,PF08309:LVIVD
DIPPA_21253.mRNA.1	PF08309:LVIVD,PF08309:LVIVD,PF08309:LVIVD,PF08309:LVIVD,PF08309:LVIVD
DIPPA_21262.mRNA.1	PF00078:RVT_1,PF00078:RVT_1
DIPPA_21287.mRNA.1	PF00078:RVT_1,PF00078:RVT_1
DIPPA_21319.mRNA.1	PF14938:SNAP,PF14938:SNAP
DIPPA_21360.mRNA.1	PF15892:BNR_4,PF15892:BNR_4
DIPPA_21391.mRNA.1	PF00076:RRM_1,PF00076:RRM_1,PF00076:RRM_1,PF00076:RRM_1
DIPPA_21424.mRNA.1	PF01753:zf-MYND,PF01753:zf-MYND
DIPPA_21430.mRNA.1	PF08309:LVIVD,PF08309:LVIVD
DIPPA_21430.mRNA.2	PF08309:LVIVD,PF08309:LVIVD,PF08309:LVIVD,PF08309:LVIVD,PF08309:LVIVD
DIPPA_21430.mRNA.3	PF08309:LVIVD,PF08309:LVIVD,PF08309:LVIVD,PF08309:LVIVD,PF08309:LVIVD
DIPPA_21432.mRNA.1	PF00313:CSD,PF00313:CSD
DIPPA_21445.mRNA.1	PF00036:EF-hand_1,PF00036:EF-hand_1,PF00036:EF-hand_1,PF13499:EF-hand_7,PF13499:EF-hand_7
DIPPA_21469.mRNA.1	PF00956:NAP,PF00956:NAP
DIPPA_21506.mRNA.1	PF00078:RVT_1,PF00078:RVT_1
DIPPA_21556.mRNA.1	PF01728:FtsJ,PF01728:FtsJ
DIPPA_21556.mRNA.2	PF01728:FtsJ,PF01728:FtsJ
DIPPA_21556.mRNA.3	PF01728:FtsJ,PF01728:FtsJ
DIPPA_21601.mRNA.1	PF00078:RVT_1,PF00078:RVT_1
DIPPA_21606.mRNA.1	PF12937:F-box-like,PF12937:F-box-like
DIPPA_21642.mRNA.1	PF14634:zf-RING_5,PF14634:zf-RING_5,PF14634:zf-RING_5
DIPPA_21642.mRNA.2	PF14634:zf-RING_5,PF14634:zf-RING_5,PF14634:zf-RING_5
DIPPA_21687.mRNA.1	PF15247:SLBP_RNA_bind,PF15247:SLBP_RNA_bind,PF15247:SLBP_RNA_bind
DIPPA_21755.mRNA.1	PF13418:Kelch_4,PF13418:Kelch_4,PF13418:Kelch_4,PF13854:Kelch_5,PF13418:Kelch_4,PF13418:Kelch_4
DIPPA_21785.mRNA.1	PF15801:zf-C6H2,PF00653:BIR,PF00653:BIR,PF11976:Rad60-SLD,PF11976:Rad60-SLD,PF11976:Rad60-SLD,PF11976:Rad60-SLD,PF11976:Rad60-SLD,PF11976:Rad60-SLD,PF00240:ubiquitin
DIPPA_21798.mRNA.1	PF03446:NAD_binding_2,PF03446:NAD_binding_2
DIPPA_21808.mRNA.1	PF04326:SLFN_AlbA_2,PF04326:SLFN_AlbA_2
DIPPA_21808.mRNA.2	PF04326:SLFN_AlbA_2,PF04326:SLFN_AlbA_2
DIPPA_21887.mRNA.1	PF08911:NUP50,PF08911:NUP50,PF08911:NUP50,PF08911:NUP50,PF00638:Ran_BP1
DIPPA_21893.mRNA.1	PF00071:Ras,PF00071:Ras
DIPPA_21893.mRNA.2	PF00071:Ras,PF00071:Ras
DIPPA_21910.mRNA.1	PF14200:RicinB_lectin_2,PF14200:RicinB_lectin_2,PF14200:RicinB_lectin_2,PF14200:RicinB_lectin_2,PF14200:RicinB_lectin_2
DIPPA_21911.mRNA.1	PF14200:RicinB_lectin_2,PF14200:RicinB_lectin_2,PF14200:RicinB_lectin_2,PF14200:RicinB_lectin_2,PF14200:RicinB_lectin_2,PF14200:RicinB_lectin_2
DIPPA_21923.mRNA.1	PF10358:NT-C2,PF01843:DIL,PF01843:DIL
DIPPA_21935.mRNA.1	PF00078:RVT_1,PF13532:2OG-FeII_Oxy_2,PF13532:2OG-FeII_Oxy_2,PF13532:2OG-FeII_Oxy_2,PF00078:RVT_1
DIPPA_21949.mRNA.1	PF11913:DUF3431,PF11913:DUF3431
DIPPA_21968.mRNA.1	PF11913:DUF3431,PF11913:DUF3431
DIPPA_21984.mRNA.1	PF00078:RVT_1,PF00078:RVT_1
DIPPA_21991.mRNA.1	PF00076:RRM_1,PF00076:RRM_1,PF00076:RRM_1
DIPPA_22104.mRNA.1	PF03351:DOMON,PF03351:DOMON,PF03351:DOMON,PF03351:DOMON,PF03351:DOMON
DIPPA_22111.mRNA.1	PF13854:Kelch_5,PF13854:Kelch_5,PF13415:Kelch_3,PF13854:Kelch_5,PF13854:Kelch_5,PF13854:Kelch_5,PF13854:Kelch_5
DIPPA_22124.mRNA.1	PF13893:RRM_5,PF13893:RRM_5,PF13893:RRM_5
DIPPA_22136.mRNA.1	PF03097:BRO1,PF03097:BRO1,PF13949:ALIX_LYPXL_bnd
DIPPA_22147.mRNA.1	PF00078:RVT_1,PF00078:RVT_1,PF00078:RVT_1,PF00078:RVT_1
DIPPA_22246.mRNA.1	PF04232:SpoVS,PF04232:SpoVS
DIPPA_22259.mRNA.1	PF08698:Fcf2,PF08698:Fcf2,PF08698:Fcf2
DIPPA_22261.mRNA.1	PF00078:RVT_1,PF00078:RVT_1
DIPPA_22297.mRNA.1	PF12796:Ank_2,PF13606:Ank_3,PF12796:Ank_2,PF13857:Ank_5,PF12796:Ank_2
DIPPA_22297.mRNA.2	PF12796:Ank_2,PF13606:Ank_3,PF12796:Ank_2,PF13857:Ank_5,PF12796:Ank_2
DIPPA_22348.mRNA.1	PF03834:Rad10,PF14520:HHH_5
DIPPA_22403.mRNA.1	PF03372:Exo_endo_phos,PF00078:RVT_1
DIPPA_22442.mRNA.1	PF00078:RVT_1,PF00078:RVT_1
DIPPA_22489.mRNA.1	PF04577:Glyco_transf_61,PF04577:Glyco_transf_61
DIPPA_22514.mRNA.1	PF00658:PABP,PF00658:PABP,PF00658:PABP
DIPPA_22545.mRNA.1	PF13417:GST_N_3,PF14497:GST_C_3
DIPPA_22557.mRNA.1	PF00078:RVT_1,PF00078:RVT_1
DIPPA_22558.mRNA.1	PF00078:RVT_1,PF00078:RVT_1
DIPPA_22587.mRNA.1	PF00226:DnaJ,PF02622:DUF179
DIPPA_22615.mRNA.1	PF00642:zf-CCCH,PF00642:zf-CCCH,PF00642:zf-CCCH
DIPPA_22623.mRNA.1	PF03372:Exo_endo_phos,PF03372:Exo_endo_phos
DIPPA_22672.mRNA.1	PF02338:OTU,PF03372:Exo_endo_phos,PF03372:Exo_endo_phos
DIPPA_22688.mRNA.1	PF00078:RVT_1,PF00078:RVT_1
DIPPA_22695.mRNA.1	PF13202:EF-hand_5,PF13202:EF-hand_5
DIPPA_22704.mRNA.1	PF00086:Thyroglobulin_1,PF00086:Thyroglobulin_1,PF00086:Thyroglobulin_1,PF00086:Thyroglobulin_1,PF00086:Thyroglobulin_1,PF00086:Thyroglobulin_1
DIPPA_22733.mRNA.1	PF00856:SET,PF00856:SET
DIPPA_22792.mRNA.1	PF12951:PATR,PF12951:PATR,PF12951:PATR,PF15979:Glyco_hydro_115,PF17829:GH115_C
DIPPA_22798.mRNA.1	PF12951:PATR,PF12951:PATR,PF12951:PATR,PF15979:Glyco_hydro_115,PF17829:GH115_C
DIPPA_22849.mRNA.1	PF00226:DnaJ,PF00226:DnaJ
DIPPA_22867.mRNA.1	PF00076:RRM_1,PF00076:RRM_1,PF00076:RRM_1
DIPPA_22867.mRNA.2	PF00076:RRM_1,PF00076:RRM_1,PF00076:RRM_1
DIPPA_22910.mRNA.1	PF00078:RVT_1,PF00078:RVT_1
DIPPA_22958.mRNA.1	PF13383:Methyltransf_22,PF13383:Methyltransf_22,PF13383:Methyltransf_22
DIPPA_22993.mRNA.1	PF00144:Beta-lactamase,PF00144:Beta-lactamase,PF00144:Beta-lactamase
DIPPA_23043.mRNA.1	PF07691:PA14,PF07691:PA14
DIPPA_23127.mRNA.1	PF06701:MIB_HERC2,PF06701:MIB_HERC2,PF17820:PDZ_6,PF06701:MIB_HERC2
DIPPA_23139.mRNA.1	PF00078:RVT_1,PF00078:RVT_1
DIPPA_23156.mRNA.1	PF00078:RVT_1,PF00078:RVT_1
DIPPA_23177.mRNA.1	PF00078:RVT_1,PF00078:RVT_1
DIPPA_23219.mRNA.1	PF03407:Nucleotid_trans,PF03407:Nucleotid_trans
DIPPA_23229.mRNA.1	PF10238:Eapp_C,PF10238:Eapp_C,PF10238:Eapp_C
DIPPA_23229.mRNA.2	PF10238:Eapp_C,PF10238:Eapp_C,PF10238:Eapp_C
DIPPA_23229.mRNA.3	PF10238:Eapp_C,PF10238:Eapp_C,PF10238:Eapp_C
DIPPA_23233.mRNA.1	PF07808:RED_N,PF07808:RED_N,PF07808:RED_N,PF07808:RED_N
DIPPA_23236.mRNA.1	PF03798:TRAM_LAG1_CLN8,PF03798:TRAM_LAG1_CLN8
DIPPA_23269.mRNA.1	PF08939:Bles03,PF08939:Bles03
DIPPA_23392.mRNA.1	PF05132:RNA_pol_Rpc4,PF05132:RNA_pol_Rpc4
DIPPA_23541.mRNA.1	PF12796:Ank_2,PF13637:Ank_4
DIPPA_23616.mRNA.1	PF00989:PAS,PF00989:PAS,PF00989:PAS
DIPPA_23616.mRNA.2	PF00989:PAS,PF00989:PAS,PF00989:PAS
DIPPA_23667.mRNA.1	PF00078:RVT_1,PF00078:RVT_1
DIPPA_23715.mRNA.1	PF00078:RVT_1,PF00078:RVT_1
DIPPA_23730.mRNA.1	PF12807:eIF3_p135,PF12807:eIF3_p135
DIPPA_23748.mRNA.1	PF00849:PseudoU_synth_2,PF00849:PseudoU_synth_2
DIPPA_23780.mRNA.1	PF03351:DOMON,PF03351:DOMON
DIPPA_23797.mRNA.1	PF11051:Mannosyl_trans3,PF11051:Mannosyl_trans3
DIPPA_23908.mRNA.1	PF00076:RRM_1,PF00076:RRM_1,PF00076:RRM_1
DIPPA_23944.mRNA.2	PF04119:HSP9_HSP12,PF04119:HSP9_HSP12,PF04119:HSP9_HSP12,PF04119:HSP9_HSP12,PF04119:HSP9_HSP12,PF04119:HSP9_HSP12,PF04119:HSP9_HSP12
DIPPA_24042.mRNA.1	PF00092:VWA,PF00092:VWA,PF00092:VWA,PF00092:VWA,PF00092:VWA,PF00092:VWA,PF00092:VWA
DIPPA_24045.mRNA.1	PF00078:RVT_1,PF00078:RVT_1
DIPPA_24056.mRNA.1	PF13385:Laminin_G_3,PF13385:Laminin_G_3
DIPPA_24062.mRNA.1	PF00313:CSD,PF00313:CSD
DIPPA_24140.mRNA.1	PF02338:OTU,PF03372:Exo_endo_phos,PF00078:RVT_1
DIPPA_24158.mRNA.1	PF01753:zf-MYND,PF01753:zf-MYND
DIPPA_24165.mRNA.1	PF02338:OTU,PF03372:Exo_endo_phos,PF00078:RVT_1
DIPPA_24235.mRNA.1	PF00078:RVT_1,PF00078:RVT_1
DIPPA_24241.mRNA.1	PF00078:RVT_1,PF00078:RVT_1
DIPPA_24317.mRNA.1	PF00076:RRM_1,PF00076:RRM_1
DIPPA_24362.mRNA.1	PF00225:Kinesin,PF00225:Kinesin,PF00225:Kinesin
DIPPA_24367.mRNA.2	PF13385:Laminin_G_3,PF00024:PAN_1,PF13385:Laminin_G_3,PF13385:Laminin_G_3,PF13385:Laminin_G_3,PF13385:Laminin_G_3,PF13385:Laminin_G_3,PF13385:Laminin_G_3,PF13385:Laminin_G_3,PF13385:Laminin_G_3,PF13385:Laminin_G_3,PF00024:PAN_1,PF13385:Laminin_G_3,PF13385:Laminin_G_3,PF13385:Laminin_G_3,PF00024:PAN_1,PF00024:PAN_1,PF13385:Laminin_G_3,PF13385:Laminin_G_3,PF00024:PAN_1
DIPPA_24463.mRNA.1	PF13893:RRM_5,PF13893:RRM_5,PF13893:RRM_5,PF13893:RRM_5,PF13893:RRM_5
DIPPA_24502.mRNA.1	PF00385:Chromo,PF00385:Chromo,PF00569:ZZ,PF00569:ZZ,PF00569:ZZ,PF00569:ZZ,PF00569:ZZ,PF00569:ZZ
DIPPA_24554.mRNA.1	PF00078:RVT_1,PF00078:RVT_1
DIPPA_24627.mRNA.1	PF13854:Kelch_5,PF13418:Kelch_4,PF13418:Kelch_4,PF13854:Kelch_5,PF13418:Kelch_4,PF13415:Kelch_3,PF13415:Kelch_3
DIPPA_24676.mRNA.1	PF11938:DUF3456,PF11938:DUF3456
DIPPA_24680.mRNA.1	PF04343:DUF488,PF04343:DUF488
DIPPA_24790.mRNA.1	PF00856:SET,PF00856:SET
DIPPA_24889.mRNA.1	PF13456:RVT_3,PF13456:RVT_3
DIPPA_24903.mRNA.1	PF13456:RVT_3,PF13456:RVT_3
DIPPA_24939.mRNA.1	PF13405:EF-hand_6,PF13405:EF-hand_6,PF13405:EF-hand_6
DIPPA_24945.mRNA.1	PF13405:EF-hand_6,PF13405:EF-hand_6,PF13405:EF-hand_6,PF13405:EF-hand_6,PF13405:EF-hand_6,PF13405:EF-hand_6,PF13405:EF-hand_6,PF13405:EF-hand_6,PF13405:EF-hand_6,PF13405:EF-hand_6,PF13405:EF-hand_6,PF13405:EF-hand_6,PF13405:EF-hand_6,PF13405:EF-hand_6
DIPPA_25007.mRNA.1	PF01997:Translin,PF01997:Translin
DIPPA_25045.mRNA.1	PF13456:RVT_3,PF13456:RVT_3,PF00078:RVT_1,PF13456:RVT_3
DIPPA_25106.mRNA.1	PF00515:TPR_1,PF00515:TPR_1,PF00515:TPR_1,PF13229:Beta_helix,PF14737:DUF4470
DIPPA_25153.mRNA.1	PF00078:RVT_1,PF00078:RVT_1
DIPPA_25176.mRNA.1	PF00078:RVT_1,PF00078:RVT_1
DIPPA_25246.mRNA.1	PF08315:cwf18,PF08315:cwf18
DIPPA_25258.mRNA.1	PF12937:F-box-like,PF00789:UBX,PF00789:UBX
DIPPA_25366.mRNA.1	PF03999:MAP65_ASE1,PF03999:MAP65_ASE1
DIPPA_25375.mRNA.1	PF10551:MULE,PF10551:MULE
DIPPA_25420.mRNA.1	PF13456:RVT_3,PF00075:RNase_H
DIPPA_25434.mRNA.1	PF01400:Astacin,PF01400:Astacin
DIPPA_25435.mRNA.1	PF07691:PA14,PF00754:F5_F8_type_C
DIPPA_25441.mRNA.1	PF00098:zf-CCHC,PF00098:zf-CCHC
DIPPA_25480.mRNA.1	PF04139:Rad9,PF04139:Rad9
DIPPA_25482.mRNA.1	PF13180:PDZ_2,PF13180:PDZ_2
DIPPA_25530.mRNA.1	PF00078:RVT_1,PF00078:RVT_1
DIPPA_25563.mRNA.1	PF02252:PA28_beta,PF02252:PA28_beta
DIPPA_25565.mRNA.1	PF03269:DUF268,PF03269:DUF268,PF03269:DUF268
DIPPA_25572.mRNA.1	PF12951:PATR,PF12951:PATR,PF12951:PATR,PF12951:PATR,PF12951:PATR
DIPPA_25600.mRNA.1	PF00589:Phage_integrase,PF00589:Phage_integrase
DIPPA_25703.mRNA.1	PF04468:PSP1,PF04468:PSP1,PF04468:PSP1
DIPPA_25719.mRNA.1	PF05206:TRM13,PF05206:TRM13
DIPPA_25739.mRNA.1	PF01535:PPR,PF01535:PPR,PF01535:PPR,PF01535:PPR
DIPPA_25754.mRNA.1	PF13279:4HBT_2,PF13279:4HBT_2
DIPPA_25754.mRNA.2	PF13279:4HBT_2,PF13279:4HBT_2
DIPPA_25754.mRNA.3	PF13279:4HBT_2,PF13279:4HBT_2
DIPPA_25784.mRNA.1	PF00059:Lectin_C,PF13385:Laminin_G_3,PF13385:Laminin_G_3
DIPPA_25795.mRNA.1	PF00024:PAN_1,PF00024:PAN_1,PF00024:PAN_1
DIPPA_25818.mRNA.1	PF06803:DUF1232,PF06803:DUF1232
DIPPA_25827.mRNA.1	PF14945:LLC1,PF14945:LLC1
DIPPA_25874.mRNA.1	PF00612:IQ,PF00612:IQ
DIPPA_25937.mRNA.1	PF13456:RVT_3,PF13456:RVT_3,PF00075:RNase_H
DIPPA_26037.mRNA.1	PF01073:3Beta_HSD,PF01073:3Beta_HSD
DIPPA_26088.mRNA.1	PF00024:PAN_1,PF00024:PAN_1,PF02434:Fringe
DIPPA_26106.mRNA.1	PF00078:RVT_1,PF00078:RVT_1
DIPPA_26108.mRNA.1	PF00078:RVT_1,PF00078:RVT_1
DIPPA_26123.mRNA.1	PF13205:Big_5,PF01095:Pectinesterase,PF13205:Big_5,PF01095:Pectinesterase,PF13205:Big_5,PF01095:Pectinesterase,PF13205:Big_5,PF01095:Pectinesterase,PF13205:Big_5,PF01095:Pectinesterase,PF01095:Pectinesterase,PF13205:Big_5,PF01095:Pectinesterase,PF13205:Big_5,PF01095:Pectinesterase,PF13205:Big_5,PF01095:Pectinesterase,PF13205:Big_5,PF01095:Pectinesterase
DIPPA_26125.mRNA.1	PF00092:VWA,PF00092:VWA,PF00092:VWA,PF00092:VWA,PF00092:VWA,PF00092:VWA,PF00092:VWA,PF00092:VWA,PF00092:VWA,PF00092:VWA,PF00092:VWA,PF00092:VWA,PF00092:VWA,PF00092:VWA
DIPPA_26127.mRNA.1	PF00092:VWA,PF00092:VWA,PF00092:VWA,PF00092:VWA,PF00092:VWA,PF00092:VWA,PF00092:VWA,PF00092:VWA,PF13519:VWA_2,PF00092:VWA
DIPPA_26170.mRNA.1	PF13449:Phytase-like,PF13449:Phytase-like,PF13449:Phytase-like
DIPPA_26216.mRNA.1	PF03616:Glt_symporter,PF03616:Glt_symporter
DIPPA_26277.mRNA.1	PF00078:RVT_1,PF00078:RVT_1
DIPPA_26328.mRNA.1	PF00078:RVT_1,PF00078:RVT_1
DIPPA_26369.mRNA.1	PF00536:SAM_1,PF05185:PRMT5,PF05185:PRMT5,PF05185:PRMT5,PF05185:PRMT5,PF05185:PRMT5
DIPPA_26369.mRNA.2	PF00536:SAM_1,PF05185:PRMT5,PF05185:PRMT5,PF05185:PRMT5,PF05185:PRMT5,PF05185:PRMT5
DIPPA_26417.mRNA.1	PF04857:CAF1,PF04857:CAF1
DIPPA_26424.mRNA.1	PF13649:Methyltransf_25,PF13847:Methyltransf_31
DIPPA_26431.mRNA.1	PF04756:OST3_OST6,PF04756:OST3_OST6,PF04756:OST3_OST6
DIPPA_26504.mRNA.1	PF13472:Lipase_GDSL_2,PF13472:Lipase_GDSL_2
DIPPA_26506.mRNA.1	PF01535:PPR,PF13041:PPR_2,PF13041:PPR_2,PF13041:PPR_2
DIPPA_26608.mRNA.1	PF02608:Bmp,PF07699:Ephrin_rec_like,PF07699:Ephrin_rec_like,PF07699:Ephrin_rec_like
DIPPA_26612.mRNA.1	PF00787:PX,PF00787:PX
DIPPA_26634.mRNA.1	PF13637:Ank_4,PF12796:Ank_2,PF12796:Ank_2,PF00023:Ank,PF12796:Ank_2,PF12796:Ank_2
DIPPA_26653.mRNA.1	PF00589:Phage_integrase,PF00589:Phage_integrase
DIPPA_26703.mRNA.1	PF04940:BLUF,PF04940:BLUF
DIPPA_26736.mRNA.1	PF01535:PPR,PF13041:PPR_2,PF13041:PPR_2,PF13041:PPR_2
DIPPA_26797.mRNA.1	PF13229:Beta_helix,PF13229:Beta_helix
DIPPA_26855.mRNA.1	PF13499:EF-hand_7,PF13499:EF-hand_7,PF13499:EF-hand_7,PF13405:EF-hand_6,PF13405:EF-hand_6
DIPPA_26927.mRNA.1	PF00027:cNMP_binding,PF00027:cNMP_binding,PF03153:TFIIA,PF00027:cNMP_binding,PF00027:cNMP_binding,PF00027:cNMP_binding
DIPPA_26934.mRNA.1	PF00078:RVT_1,PF00078:RVT_1
DIPPA_26941.mRNA.1	PF02743:dCache_1,PF02743:dCache_1
DIPPA_26970.mRNA.1	PF05686:Glyco_transf_90,PF05686:Glyco_transf_90,PF05686:Glyco_transf_90
DIPPA_26995.mRNA.1	PF13456:RVT_3,PF13456:RVT_3
DIPPA_27004.mRNA.1	PF01764:Lipase_3,PF01764:Lipase_3
DIPPA_27008.mRNA.1	PF05686:Glyco_transf_90,PF05686:Glyco_transf_90
DIPPA_27046.mRNA.1	PF18044:zf-CCCH_4,PF18044:zf-CCCH_4
DIPPA_27063.mRNA.1	PF00076:RRM_1,PF00076:RRM_1,PF00076:RRM_1
DIPPA_27066.mRNA.1	PF00023:Ank,PF00023:Ank
DIPPA_27096.mRNA.1	PF00027:cNMP_binding,PF00027:cNMP_binding,PF00027:cNMP_binding,PF00027:cNMP_binding
DIPPA_27105.mRNA.1	PF07691:PA14,PF07691:PA14
DIPPA_27217.mRNA.1	PF00078:RVT_1,PF00078:RVT_1
DIPPA_27219.mRNA.1	PF00078:RVT_1,PF00078:RVT_1
DIPPA_27272.mRNA.1	PF00078:RVT_1,PF00078:RVT_1,PF00078:RVT_1
DIPPA_27286.mRNA.1	PF01535:PPR,PF01535:PPR,PF01535:PPR,PF01535:PPR,PF01535:PPR
DIPPA_27312.mRNA.1	PF01880:Desulfoferrodox,PF01880:Desulfoferrodox,PF01880:Desulfoferrodox,PF01880:Desulfoferrodox
DIPPA_27325.mRNA.1	PF13456:RVT_3,PF13456:RVT_3,PF13456:RVT_3
DIPPA_27477.mRNA.1	PF04232:SpoVS,PF04232:SpoVS
DIPPA_27501.mRNA.1	PF00956:NAP,PF00956:NAP
DIPPA_27535.mRNA.1	PF00078:RVT_1,PF00078:RVT_1
DIPPA_27578.mRNA.1	PF00078:RVT_1,PF00078:RVT_1
DIPPA_27629.mRNA.1	PF13469:Sulfotransfer_3,PF13469:Sulfotransfer_3
DIPPA_27805.mRNA.1	PF00078:RVT_1,PF00078:RVT_1
DIPPA_27806.mRNA.1	PF00078:RVT_1,PF00078:RVT_1
DIPPA_27827.mRNA.1	PF13180:PDZ_2,PF17820:PDZ_6
DIPPA_27872.mRNA.1	PF00078:RVT_1,PF00078:RVT_1
DIPPA_27874.mRNA.1	PF13385:Laminin_G_3,PF13385:Laminin_G_3,PF13517:FG-GAP_3,PF13517:FG-GAP_3,PF13385:Laminin_G_3,PF13385:Laminin_G_3,PF13385:Laminin_G_3,PF13517:FG-GAP_3,PF13385:Laminin_G_3,PF13385:Laminin_G_3,PF13385:Laminin_G_3,PF13385:Laminin_G_3,PF13385:Laminin_G_3,PF13385:Laminin_G_3
DIPPA_27909.mRNA.1	PF13385:Laminin_G_3,PF13385:Laminin_G_3,PF13385:Laminin_G_3,PF13385:Laminin_G_3,PF13385:Laminin_G_3,PF13385:Laminin_G_3,PF13385:Laminin_G_3,PF13385:Laminin_G_3,PF13385:Laminin_G_3,PF13385:Laminin_G_3,PF13385:Laminin_G_3
DIPPA_27933.mRNA.1	PF00397:WW,PF00397:WW
DIPPA_27955.mRNA.1	PF04577:Glyco_transf_61,PF04577:Glyco_transf_61
DIPPA_27974.mRNA.1	PF01129:ART,PF01129:ART
DIPPA_27974.mRNA.2	PF01129:ART,PF01129:ART
DIPPA_28156.mRNA.1	PF00498:FHA,PF00498:FHA,PF02825:WWE
DIPPA_28306.mRNA.1	PF10500:SR-25,PF02902:Peptidase_C48
DIPPA_28357.mRNA.1	PF12929:Mid1,PF12929:Mid1
DIPPA_28370.mRNA.1	PF00651:BTB,PF00651:BTB
DIPPA_28515.mRNA.1	PF00313:CSD,PF00313:CSD,PF00313:CSD
DIPPA_28545.mRNA.1	PF00078:RVT_1,PF00078:RVT_1
DIPPA_28588.mRNA.1	PF00078:RVT_1,PF00078:RVT_1
DIPPA_28627.mRNA.1	PF00078:RVT_1,PF00078:RVT_1
DIPPA_28680.mRNA.1	PF01504:PIP5K,PF01504:PIP5K,PF01504:PIP5K
DIPPA_28705.mRNA.1	PF00078:RVT_1,PF00078:RVT_1
DIPPA_28706.mRNA.1	PF00078:RVT_1,PF00078:RVT_1
DIPPA_28711.mRNA.1	PF00589:Phage_integrase,PF00589:Phage_integrase
DIPPA_28733.mRNA.1	PF13180:PDZ_2,PF13180:PDZ_2,PF13180:PDZ_2,PF00130:C1_1
DIPPA_28789.mRNA.1	PF00612:IQ,PF00612:IQ,PF00612:IQ,PF00612:IQ,PF00612:IQ,PF00612:IQ,PF00612:IQ,PF00612:IQ,PF00612:IQ,PF00612:IQ,PF00612:IQ
DIPPA_28798.mRNA.1	PF00078:RVT_1,PF00078:RVT_1
DIPPA_28799.mRNA.1	PF00078:RVT_1,PF00078:RVT_1
DIPPA_28868.mRNA.2	PF00188:CAP,PF00188:CAP
DIPPA_28871.mRNA.1	PF08806:Sep15_SelM,PF08806:Sep15_SelM
DIPPA_28907.mRNA.1	PF13920:zf-C3HC4_3,PF13920:zf-C3HC4_3,PF13920:zf-C3HC4_3,PF13920:zf-C3HC4_3
DIPPA_28907.mRNA.3	PF13920:zf-C3HC4_3,PF13920:zf-C3HC4_3,PF13920:zf-C3HC4_3,PF13920:zf-C3HC4_3
DIPPA_28932.mRNA.1	PF00078:RVT_1,PF00078:RVT_1
DIPPA_28940.mRNA.1	PF10250:O-FucT,PF10250:O-FucT
DIPPA_28952.mRNA.1	PF05347:Complex1_LYR,PF05347:Complex1_LYR
DIPPA_28954.mRNA.1	PF13456:RVT_3,PF13456:RVT_3
DIPPA_29003.mRNA.1	PF13041:PPR_2,PF17177:PPR_long,PF13041:PPR_2,PF13041:PPR_2
DIPPA_29032.mRNA.1	PF02777:Sod_Fe_C,PF02777:Sod_Fe_C
DIPPA_29045.mRNA.1	PF14200:RicinB_lectin_2,PF14200:RicinB_lectin_2
DIPPA_29050.mRNA.1	PF14200:RicinB_lectin_2,PF14200:RicinB_lectin_2,PF14200:RicinB_lectin_2
DIPPA_29063.mRNA.1	PF14200:RicinB_lectin_2,PF14200:RicinB_lectin_2
DIPPA_29108.mRNA.1	PF00078:RVT_1,PF00078:RVT_1
DIPPA_29109.mRNA.1	PF00078:RVT_1,PF00078:RVT_1
DIPPA_29120.mRNA.1	PF00173:Cyt-b5,PF00173:Cyt-b5
DIPPA_29139.mRNA.1	PF12796:Ank_2,PF12796:Ank_2
DIPPA_29192.mRNA.1	PF10551:MULE,PF10551:MULE,PF10551:MULE
DIPPA_29198.mRNA.1	PF06626:DUF1152,PF06626:DUF1152
DIPPA_29219.mRNA.1	PF00589:Phage_integrase,PF00589:Phage_integrase
DIPPA_29233.mRNA.1	PF13291:ACT_4,PF13740:ACT_6,PF13740:ACT_6,PF13291:ACT_4
DIPPA_29246.mRNA.1	PF00078:RVT_1,PF00078:RVT_1
DIPPA_29275.mRNA.1	PF13041:PPR_2,PF13041:PPR_2,PF13041:PPR_2,PF13041:PPR_2
DIPPA_29350.mRNA.1	PF00415:RCC1,PF00415:RCC1,PF00415:RCC1,PF00415:RCC1,PF00415:RCC1,PF00415:RCC1,PF13540:RCC1_2
DIPPA_29454.mRNA.1	PF04851:ResIII,PF00270:DEAD,PF00270:DEAD,PF00271:Helicase_C,PF04851:ResIII,PF00271:Helicase_C
DIPPA_29472.mRNA.1	PF00557:Peptidase_M24,PF00557:Peptidase_M24
DIPPA_29592.mRNA.1	PF00397:WW,PF05641:Agenet,PF00397:WW
DIPPA_29619.mRNA.1	PF04912:Dynamitin,PF04912:Dynamitin
DIPPA_29637.mRNA.1	PF09409:PUB,PF09409:PUB
DIPPA_29653.mRNA.1	PF00293:NUDIX,PF00293:NUDIX
DIPPA_29691.mRNA.1	PF00078:RVT_1,PF00078:RVT_1
DIPPA_29697.mRNA.1	PF00078:RVT_1,PF00078:RVT_1,PF00078:RVT_1,PF00078:RVT_1,PF00078:RVT_1
DIPPA_29707.mRNA.1	PF00078:RVT_1,PF00078:RVT_1
DIPPA_29708.mRNA.1	PF00078:RVT_1,PF00078:RVT_1
DIPPA_29790.mRNA.1	PF00078:RVT_1,PF00078:RVT_1
DIPPA_29791.mRNA.1	PF00078:RVT_1,PF00078:RVT_1
DIPPA_29817.mRNA.1	PF00589:Phage_integrase,PF00589:Phage_integrase
DIPPA_29843.mRNA.1	PF14443:DBC1,PF14443:DBC1,PF14443:DBC1
DIPPA_29938.mRNA.1	PF03781:FGE-sulfatase,PF03781:FGE-sulfatase
DIPPA_30095.mRNA.1	PF00078:RVT_1,PF00078:RVT_1
DIPPA_30109.mRNA.1	PF04116:FA_hydroxylase,PF04116:FA_hydroxylase,PF04116:FA_hydroxylase
DIPPA_30117.mRNA.1	PF13499:EF-hand_7,PF01129:ART,PF13499:EF-hand_7,PF01129:ART
DIPPA_30121.mRNA.1	PF13041:PPR_2,PF13041:PPR_2,PF13041:PPR_2,PF13041:PPR_2
DIPPA_30210.mRNA.1	PF13385:Laminin_G_3,PF13385:Laminin_G_3
DIPPA_30227.mRNA.1	PF00886:Ribosomal_S16,PF00886:Ribosomal_S16
DIPPA_30254.mRNA.1	PF13424:TPR_12,PF13424:TPR_12,PF13424:TPR_12,PF13424:TPR_12,PF13424:TPR_12,PF13424:TPR_12
DIPPA_30265.mRNA.1	PF13879:Hmw_CFAP97,PF13879:Hmw_CFAP97
DIPPA_30279.mRNA.1	PF13649:Methyltransf_25,PF13489:Methyltransf_23,PF13649:Methyltransf_25
DIPPA_30299.mRNA.1	PF00612:IQ,PF00612:IQ,PF00612:IQ,PF00612:IQ,PF00612:IQ,PF00612:IQ,PF00612:IQ,PF00612:IQ,PF00612:IQ,PF00612:IQ,PF00612:IQ,PF00612:IQ,PF00612:IQ,PF00612:IQ,PF00612:IQ,PF00612:IQ,PF00612:IQ,PF00612:IQ,PF00612:IQ,PF00612:IQ
DIPPA_30299.mRNA.2	PF00612:IQ,PF00612:IQ,PF00612:IQ,PF00612:IQ,PF00612:IQ,PF00612:IQ,PF00612:IQ,PF00612:IQ,PF00612:IQ,PF00612:IQ,PF00612:IQ,PF00612:IQ,PF00612:IQ,PF00612:IQ,PF00612:IQ,PF00612:IQ,PF00612:IQ,PF00612:IQ,PF00612:IQ
DIPPA_30313.mRNA.1	PF13456:RVT_3,PF00400:WD40,PF00400:WD40,PF00400:WD40,PF00400:WD40
DIPPA_30317.mRNA.1	PF12400:STIMATE,PF12400:STIMATE
DIPPA_30323.mRNA.1	PF00013:KH_1,PF00013:KH_1
DIPPA_30366.mRNA.1	PF13041:PPR_2,PF01535:PPR,PF13041:PPR_2,PF13041:PPR_2,PF13041:PPR_2
DIPPA_30397.mRNA.1	PF14200:RicinB_lectin_2,PF14200:RicinB_lectin_2,PF14200:RicinB_lectin_2,PF14200:RicinB_lectin_2,PF14200:RicinB_lectin_2
DIPPA_30492.mRNA.1	PF13639:zf-RING_2,PF13639:zf-RING_2
DIPPA_30494.mRNA.1	PF00078:RVT_1,PF00078:RVT_1
DIPPA_30513.mRNA.1	PF03372:Exo_endo_phos,PF00078:RVT_1,PF12906:RINGv
DIPPA_30518.mRNA.1	PF18044:zf-CCCH_4,PF18044:zf-CCCH_4
DIPPA_30542.mRNA.1	PF00300:His_Phos_1,PF00300:His_Phos_1,PF00300:His_Phos_1,PF00300:His_Phos_1,PF00300:His_Phos_1
DIPPA_30625.mRNA.1	PF05686:Glyco_transf_90,PF05686:Glyco_transf_90
DIPPA_30646.mRNA.1	PF00672:HAMP,PF00672:HAMP
DIPPA_30654.mRNA.1	PF13673:Acetyltransf_10,PF13508:Acetyltransf_7
DIPPA_30666.mRNA.1	PF00076:RRM_1,PF00076:RRM_1
DIPPA_30690.mRNA.1	PF02205:WH2,PF02205:WH2,PF02205:WH2
DIPPA_30690.mRNA.2	PF02205:WH2,PF02205:WH2,PF02205:WH2
DIPPA_30707.mRNA.1	PF13499:EF-hand_7,PF13499:EF-hand_7
DIPPA_30846.mRNA.1	PF13287:Fn3_assoc,PF13290:CHB_HEX_C_1,PF13290:CHB_HEX_C_1,PF13287:Fn3_assoc,PF13290:CHB_HEX_C_1,PF13290:CHB_HEX_C_1
DIPPA_30888.mRNA.1	PF07808:RED_N,PF07808:RED_N,PF07808:RED_N,PF07808:RED_N
DIPPA_30897.mRNA.1	PF13180:PDZ_2,PF13180:PDZ_2
DIPPA_30945.mRNA.1	PF00078:RVT_1,PF00078:RVT_1
DIPPA_30947.mRNA.1	PF00078:RVT_1,PF00078:RVT_1
DIPPA_31163.mRNA.1	PF13456:RVT_3,PF13456:RVT_3
DIPPA_31201.mRNA.1	PF00078:RVT_1,PF00078:RVT_1
DIPPA_31213.mRNA.1	PF00078:RVT_1,PF00078:RVT_1
DIPPA_31226.mRNA.1	PF00078:RVT_1,PF00078:RVT_1
DIPPA_31229.mRNA.1	PF12708:Pectate_lyase_3,PF12708:Pectate_lyase_3,PF12708:Pectate_lyase_3
DIPPA_31275.mRNA.1	PF11051:Mannosyl_trans3,PF11051:Mannosyl_trans3,PF11051:Mannosyl_trans3
DIPPA_31281.mRNA.1	PF00400:WD40,PF00805:Pentapeptide,PF00805:Pentapeptide,PF00400:WD40,PF00400:WD40,PF00400:WD40,PF00400:WD40,PF00400:WD40,PF00400:WD40,PF00400:WD40,PF00400:WD40,PF00400:WD40
DIPPA_31281.mRNA.2	PF01129:ART,PF00805:Pentapeptide,PF00805:Pentapeptide
DIPPA_31285.mRNA.1	PF01697:Glyco_transf_92,PF13704:Glyco_tranf_2_4
DIPPA_31293.mRNA.1	PF00078:RVT_1,PF00078:RVT_1
DIPPA_31338.mRNA.1	PF00076:RRM_1,PF00076:RRM_1
DIPPA_31345.mRNA.1	PF00092:VWA,PF00092:VWA
DIPPA_31362.mRNA.1	PF00092:VWA,PF00092:VWA,PF00092:VWA
DIPPA_31364.mRNA.1	PF00536:SAM_1,PF08239:SH3_3,PF08239:SH3_3,PF08239:SH3_3,PF08239:SH3_3,PF08239:SH3_3
DIPPA_31371.mRNA.1	PF00078:RVT_1,PF00078:RVT_1
DIPPA_31431.mRNA.1	PF00083:Sugar_tr,PF00083:Sugar_tr,PF00083:Sugar_tr
DIPPA_31431.mRNA.2	PF00083:Sugar_tr,PF00083:Sugar_tr,PF00083:Sugar_tr
DIPPA_31566.mRNA.1	PF00569:ZZ,PF00569:ZZ,PF00569:ZZ
DIPPA_31574.mRNA.1	PF00078:RVT_1,PF00078:RVT_1
DIPPA_31742.mRNA.1	PF17681:GCP_N_terminal,PF04130:GCP_C_terminal,PF04130:GCP_C_terminal,PF04130:GCP_C_terminal
DIPPA_31748.mRNA.1	PF00588:SpoU_methylase,PF00588:SpoU_methylase
DIPPA_31763.mRNA.1	PF07691:PA14,PF07691:PA14,PF07691:PA14
DIPPA_31769.mRNA.1	PF07691:PA14,PF07691:PA14,PF07691:PA14,PF07691:PA14
DIPPA_31783.mRNA.1	PF07691:PA14,PF07691:PA14,PF00754:F5_F8_type_C
DIPPA_31783.mRNA.2	PF07691:PA14,PF07691:PA14,PF00754:F5_F8_type_C
DIPPA_31804.mRNA.1	PF07344:Amastin,PF07344:Amastin
DIPPA_31846.mRNA.1	PF03798:TRAM_LAG1_CLN8,PF03798:TRAM_LAG1_CLN8
DIPPA_31855.mRNA.1	PF14200:RicinB_lectin_2,PF14200:RicinB_lectin_2
DIPPA_31875.mRNA.1	PF01535:PPR,PF13041:PPR_2,PF13041:PPR_2,PF13041:PPR_2
DIPPA_31926.mRNA.1	PF09851:SHOCT,PF09851:SHOCT,PF09851:SHOCT
DIPPA_31939.mRNA.1	PF07572:BCNT,PF07572:BCNT
DIPPA_31972.mRNA.1	PF00560:LRR_1,PF00560:LRR_1,PF00560:LRR_1,PF00560:LRR_1,PF13516:LRR_6,PF00560:LRR_1,PF00560:LRR_1
DIPPA_32017.mRNA.1	PF01535:PPR,PF01535:PPR,PF01535:PPR,PF01535:PPR,PF01535:PPR,PF01535:PPR,PF01535:PPR
DIPPA_32017.mRNA.2	PF01535:PPR,PF01535:PPR,PF01535:PPR,PF01535:PPR,PF01535:PPR,PF01535:PPR,PF01535:PPR
DIPPA_32058.mRNA.1	PF03616:Glt_symporter,PF03616:Glt_symporter
DIPPA_32094.mRNA.1	PF00078:RVT_1,PF00078:RVT_1
DIPPA_32131.mRNA.1	PF00078:RVT_1,PF00078:RVT_1
DIPPA_32138.mRNA.1	PF00078:RVT_1,PF00078:RVT_1
DIPPA_32158.mRNA.1	PF00536:SAM_1,PF00397:WW
DIPPA_32188.mRNA.1	PF13637:Ank_4,PF13637:Ank_4
DIPPA_32196.mRNA.1	PF08309:LVIVD,PF08309:LVIVD,PF08309:LVIVD,PF08309:LVIVD,PF08309:LVIVD,PF08309:LVIVD,PF08309:LVIVD,PF08309:LVIVD,PF08309:LVIVD,PF08309:LVIVD,PF08309:LVIVD,PF08309:LVIVD,PF08309:LVIVD,PF08309:LVIVD
DIPPA_32204.mRNA.1	PF00078:RVT_1,PF00078:RVT_1
DIPPA_32207.mRNA.1	PF00078:RVT_1,PF00078:RVT_1
DIPPA_32210.mRNA.1	PF00078:RVT_1,PF00078:RVT_1
DIPPA_32260.mRNA.1	PF00313:CSD,PF00313:CSD,PF00313:CSD
DIPPA_32261.mRNA.1	PF00313:CSD,PF00313:CSD,PF00313:CSD
DIPPA_32269.mRNA.1	PF00313:CSD,PF00313:CSD,PF00313:CSD
DIPPA_32279.mRNA.1	PF08309:LVIVD,PF08309:LVIVD,PF08309:LVIVD,PF08309:LVIVD,PF08309:LVIVD,PF08309:LVIVD,PF08309:LVIVD,PF08309:LVIVD,PF08309:LVIVD,PF08309:LVIVD,PF08309:LVIVD,PF08309:LVIVD,PF08309:LVIVD,PF08309:LVIVD
DIPPA_32280.mRNA.1	PF08309:LVIVD,PF08309:LVIVD,PF08309:LVIVD,PF08309:LVIVD,PF08309:LVIVD,PF08309:LVIVD,PF08309:LVIVD,PF08309:LVIVD,PF08309:LVIVD,PF08309:LVIVD,PF08309:LVIVD,PF08309:LVIVD,PF08309:LVIVD,PF08309:LVIVD,PF08309:LVIVD,PF08309:LVIVD
DIPPA_32323.mRNA.1	PF00400:WD40,PF00400:WD40,PF00400:WD40,PF00400:WD40,PF00400:WD40
DIPPA_32329.mRNA.1	PF06775:Seipin,PF06775:Seipin
DIPPA_32351.mRNA.1	PF00656:Peptidase_C14,PF13180:PDZ_2
DIPPA_32423.mRNA.1	PF10187:FAM192A_Fyv6_N,PF10187:FAM192A_Fyv6_N,PF10187:FAM192A_Fyv6_N
DIPPA_32468.mRNA.1	PF00589:Phage_integrase,PF00589:Phage_integrase
DIPPA_32608.mRNA.1	PF00078:RVT_1,PF00078:RVT_1
DIPPA_32639.mRNA.1	PF00078:RVT_1,PF00078:RVT_1
DIPPA_32653.mRNA.1	PF13229:Beta_helix,PF13229:Beta_helix,PF14737:DUF4470
DIPPA_32664.mRNA.1	PF00078:RVT_1,PF00078:RVT_1
DIPPA_32766.mRNA.1	PF00313:CSD,PF00313:CSD,PF00313:CSD,PF00313:CSD
DIPPA_32791.mRNA.1	PF00564:PB1,PF00564:PB1
DIPPA_32792.mRNA.1	PF04146:YTH,PF04146:YTH
DIPPA_32866.mRNA.1	PF06658:DUF1168,PF06658:DUF1168
DIPPA_32866.mRNA.2	PF06658:DUF1168,PF06658:DUF1168
DIPPA_32866.mRNA.3	PF06658:DUF1168,PF06658:DUF1168
DIPPA_32923.mRNA.1	PF00078:RVT_1,PF00078:RVT_1
DIPPA_32950.mRNA.1	PF07890:Rrp15p,PF07890:Rrp15p
DIPPA_32996.mRNA.1	PF13456:RVT_3,PF13456:RVT_3
DIPPA_33034.mRNA.1	PF00078:RVT_1,PF00078:RVT_1
DIPPA_33075.mRNA.1	PF04421:Mss4,PF04421:Mss4,PF04421:Mss4
DIPPA_33139.mRNA.1	PF13405:EF-hand_6,PF13405:EF-hand_6,PF13405:EF-hand_6,PF13405:EF-hand_6
DIPPA_33188.mRNA.1	PF00240:ubiquitin,PF00240:ubiquitin,PF00240:ubiquitin
DIPPA_33312.mRNA.1	PF03619:Solute_trans_a,PF03619:Solute_trans_a,PF03619:Solute_trans_a
DIPPA_33347.mRNA.1	PF13456:RVT_3,PF13456:RVT_3
DIPPA_33458.mRNA.1	PF00078:RVT_1,PF00078:RVT_1
DIPPA_33556.mRNA.1	PF13456:RVT_3,PF00075:RNase_H
DIPPA_33572.mRNA.1	PF08302:tRNA_lig_CPD,PF08302:tRNA_lig_CPD
DIPPA_33609.mRNA.1	PF13472:Lipase_GDSL_2,PF13472:Lipase_GDSL_2
DIPPA_33609.mRNA.2	PF13472:Lipase_GDSL_2,PF13472:Lipase_GDSL_2
DIPPA_33663.mRNA.1	PF14922:FWWh,PF14922:FWWh,PF14922:FWWh
DIPPA_33663.mRNA.2	PF14922:FWWh,PF14922:FWWh,PF14922:FWWh
DIPPA_33679.mRNA.1	PF00078:RVT_1,PF00078:RVT_1
DIPPA_33712.mRNA.1	PF02891:zf-MIZ,PF02891:zf-MIZ,PF02891:zf-MIZ
DIPPA_33715.mRNA.1	PF20706:GT4-conflict,PF00534:Glycos_transf_1
DIPPA_33746.mRNA.1	PF01266:DAO,PF01266:DAO
DIPPA_33758.mRNA.1	PF13236:CLU,PF13236:CLU,PF12807:eIF3_p135
DIPPA_33877.mRNA.1	PF08389:Xpo1,PF08389:Xpo1,PF19273:Exportin-5,PF19273:Exportin-5,PF19273:Exportin-5
DIPPA_34124.mRNA.1	PF10551:MULE,PF10551:MULE
DIPPA_34216.mRNA.1	PF00092:VWA,PF00092:VWA,PF00092:VWA,PF00092:VWA,PF00092:VWA,PF00092:VWA
DIPPA_34233.mRNA.1	PF13456:RVT_3,PF13456:RVT_3
DIPPA_34235.mRNA.1	PF13456:RVT_3,PF13456:RVT_3
DIPPA_34308.mRNA.1	PF13456:RVT_3,PF13456:RVT_3
DIPPA_34310.mRNA.1	PF13637:Ank_4,PF00023:Ank,PF00023:Ank
DIPPA_34330.mRNA.1	PF04232:SpoVS,PF04232:SpoVS
DIPPA_34364.mRNA.1	PF13456:RVT_3,PF13456:RVT_3
DIPPA_34477.mRNA.1	PF00078:RVT_1,PF00078:RVT_1
DIPPA_34558.mRNA.1	PF14922:FWWh,PF14922:FWWh
DIPPA_34619.mRNA.1	PF00076:RRM_1,PF00098:zf-CCHC,PF00098:zf-CCHC
DIPPA_34623.mRNA.1	PF01535:PPR,PF13041:PPR_2,PF13041:PPR_2,PF13041:PPR_2
DIPPA_34626.mRNA.1	PF13416:SBP_bac_8,PF13416:SBP_bac_8
DIPPA_34706.mRNA.1	PF00092:VWA,PF00092:VWA,PF00092:VWA,PF00092:VWA,PF00092:VWA,PF00092:VWA,PF00092:VWA,PF00092:VWA,PF00092:VWA,PF00092:VWA,PF00092:VWA,PF00092:VWA,PF00092:VWA,PF13519:VWA_2,PF00092:VWA
DIPPA_34768.mRNA.1	PF00036:EF-hand_1,PF13833:EF-hand_8,PF00036:EF-hand_1,PF13833:EF-hand_8
DIPPA_34820.mRNA.1	PF12937:F-box-like,PF00400:WD40,PF00400:WD40,PF00400:WD40,PF00400:WD40,PF00400:WD40
DIPPA_34830.mRNA.1	PF00078:RVT_1,PF00078:RVT_1
DIPPA_34832.mRNA.1	PF03031:NIF,PF03031:NIF
DIPPA_34838.mRNA.1	PF00078:RVT_1,PF00078:RVT_1
DIPPA_34869.mRNA.1	PF00078:RVT_1,PF00078:RVT_1
DIPPA_34871.mRNA.1	PF07690:MFS_1,PF07690:MFS_1,PF00083:Sugar_tr
DIPPA_34952.mRNA.1	PF13229:Beta_helix,PF13229:Beta_helix
DIPPA_35031.mRNA.1	PF00536:SAM_1,PF00536:SAM_1,PF00397:WW
DIPPA_35031.mRNA.2	PF00536:SAM_1,PF00536:SAM_1,PF00397:WW
DIPPA_35075.mRNA.1	PF11176:Tma16,PF11176:Tma16
DIPPA_35262.mRNA.1	PF00595:PDZ,PF00595:PDZ
DIPPA_35278.mRNA.1	PF00078:RVT_1,PF00078:RVT_1
DIPPA_35279.mRNA.1	PF00078:RVT_1,PF00078:RVT_1
DIPPA_35300.mRNA.1	PF00078:RVT_1,PF00078:RVT_1
DIPPA_35314.mRNA.1	PF08588:DUF1769,PF08588:DUF1769,PF02517:Rce1-like,PF02517:Rce1-like,PF08588:DUF1769
DIPPA_35338.mRNA.1	PF01541:GIY-YIG,PF01541:GIY-YIG,PF01541:GIY-YIG
DIPPA_35398.mRNA.1	PF12796:Ank_2,PF12796:Ank_2,PF12796:Ank_2,PF12796:Ank_2,PF12796:Ank_2,PF12796:Ank_2,PF12796:Ank_2,PF00023:Ank,PF12796:Ank_2,PF13606:Ank_3,PF12796:Ank_2,PF12796:Ank_2,PF00023:Ank,PF13606:Ank_3,PF00023:Ank,PF12796:Ank_2,PF12796:Ank_2
DIPPA_35414.mRNA.1	PF13639:zf-RING_2,PF13639:zf-RING_2
DIPPA_35416.mRNA.1	PF00589:Phage_integrase,PF00589:Phage_integrase
DIPPA_35429.mRNA.1	PF13041:PPR_2,PF13812:PPR_3,PF13812:PPR_3,PF13812:PPR_3
DIPPA_35476.mRNA.1	PF00589:Phage_integrase,PF00589:Phage_integrase
DIPPA_35505.mRNA.1	PF00078:RVT_1,PF00078:RVT_1
DIPPA_35675.mRNA.1	PF00078:RVT_1,PF00078:RVT_1
DIPPA_35686.mRNA.1	PF00078:RVT_1,PF00078:RVT_1
DIPPA_35774.mRNA.1	PF00078:RVT_1,PF00078:RVT_1
DIPPA_35782.mRNA.1	PF00589:Phage_integrase,PF00589:Phage_integrase
DIPPA_35796.mRNA.1	PF00078:RVT_1,PF00078:RVT_1,PF00078:RVT_1,PF00078:RVT_1
DIPPA_35806.mRNA.1	PF01370:Epimerase,PF01370:Epimerase
DIPPA_35927.mRNA.1	PF05149:Flagellar_rod,PF05149:Flagellar_rod,PF05149:Flagellar_rod
DIPPA_35928.mRNA.1	PF13405:EF-hand_6,PF13405:EF-hand_6,PF00240:ubiquitin,PF00240:ubiquitin,PF00240:ubiquitin
DIPPA_35935.mRNA.1	PF00036:EF-hand_1,PF00036:EF-hand_1,PF00036:EF-hand_1,PF13499:EF-hand_7,PF13405:EF-hand_6
DIPPA_50221.mRNA.1	PF07653:SH3_2,PF00018:SH3_1,PF07653:SH3_2,PF07653:SH3_2
DIPPA_50922.mRNA.1	PF00300:His_Phos_1,PF00300:His_Phos_1,PF00300:His_Phos_1
DIPPA_51776.mRNA.1	PF00023:Ank,PF00023:Ank
DIPPA_52184.mRNA.1	PF03351:DOMON,PF03351:DOMON
DIPPA_52243.mRNA.1	PF00612:IQ,PF00612:IQ,PF00612:IQ,PF00612:IQ,PF00612:IQ,PF00612:IQ,PF00612:IQ,PF00612:IQ,PF00612:IQ,PF00612:IQ,PF00612:IQ,PF00612:IQ,PF00612:IQ,PF00612:IQ,PF00612:IQ,PF00612:IQ,PF00612:IQ,PF00612:IQ,PF00612:IQ,PF00612:IQ,PF00612:IQ,PF00612:IQ,PF00612:IQ,PF00612:IQ,PF00612:IQ,PF00612:IQ,PF00612:IQ,PF00612:IQ,PF00612:IQ,PF00612:IQ,PF00612:IQ
DIPPA_54632.mRNA.1	PF18044:zf-CCCH_4,PF18044:zf-CCCH_4,PF00642:zf-CCCH
DIPPA_54908.mRNA.1	PF13041:PPR_2,PF13041:PPR_2,PF13041:PPR_2,PF13041:PPR_2
DIPPA_54917.mRNA.1	PF00240:ubiquitin,PF00240:ubiquitin,PF00240:ubiquitin
DIPPA_55924.mRNA.1	PF17855:MCM_lid,PF17855:MCM_lid
DIPPA_57825.mRNA.1	PF03351:DOMON,PF03351:DOMON,PF03351:DOMON
DIPPA_58671.mRNA.1	PF13424:TPR_12,PF13424:TPR_12,PF13424:TPR_12
DIPPA_58729.mRNA.1	PF12937:F-box-like,PF00646:F-box,PF00646:F-box
DIPPA_59261.mRNA.1	PF09750:DRY_EERY,PF09750:DRY_EERY,PF09750:DRY_EERY,PF01805:Surp,PF01805:Surp,PF01805:Surp,PF01805:Surp
DIPPA_59862.mRNA.1	PF17820:PDZ_6,PF00595:PDZ
DIPPA_60573.mRNA.1	PF00569:ZZ,PF00569:ZZ,PF00569:ZZ
DIPPA_61362.mRNA.1	PF04437:RINT1_TIP1,PF04437:RINT1_TIP1
DIPPA_62099.mRNA.1	PF05686:Glyco_transf_90,PF05686:Glyco_transf_90
DIPPA_62377.mRNA.1	PF00313:CSD,PF00313:CSD
DIPPA_63331.mRNA.1	PF00612:IQ,PF00612:IQ,PF00612:IQ,PF00612:IQ,PF00612:IQ
DIPPA_63573.mRNA.1	PF13287:Fn3_assoc,PF13287:Fn3_assoc,PF13287:Fn3_assoc
DIPPA_64818.mRNA.1	PF13516:LRR_6,PF13516:LRR_6,PF13516:LRR_6,PF13516:LRR_6
DIPPA_65250.mRNA.1	PF02743:dCache_1,PF02743:dCache_1
DIPPA_65901.mRNA.1	PF13893:RRM_5,PF13893:RRM_5
DIPPA_70073.mRNA.1	PF00629:MAM,PF00629:MAM
DIPPA_70093.mRNA.1	PF12796:Ank_2,PF00023:Ank,PF00023:Ank,PF12796:Ank_2,PF00023:Ank
DIPPA_70094.mRNA.1	PF00023:Ank,PF00023:Ank
DIPPA_70097.mRNA.1	PF13041:PPR_2,PF13041:PPR_2,PF13041:PPR_2,PF13041:PPR_2,PF13041:PPR_2,PF13041:PPR_2,PF13041:PPR_2
DIPPA_70106.mRNA.1	PF07653:SH3_2,PF00018:SH3_1,PF07653:SH3_2,PF07653:SH3_2
DIPPA_70111.mRNA.1	PF01661:Macro,PF01661:Macro,PF01661:Macro
DIPPA_70119.mRNA.1	PF00168:C2,PF00168:C2
DIPPA_70121.mRNA.1	PF00400:WD40,PF00400:WD40,PF00400:WD40,PF00400:WD40,PF00400:WD40,PF00400:WD40,PF00400:WD40,PF00400:WD40,PF00400:WD40,PF00400:WD40
DIPPA_70122.mRNA.1	PF18474:DUF5614,PF07000:DUF1308
DIPPA_70125.mRNA.1	PF00149:Metallophos,PF00149:Metallophos
DIPPA_70130.mRNA.1	PF17820:PDZ_6,PF17820:PDZ_6,PF17820:PDZ_6,PF17820:PDZ_6
DIPPA_70151.mRNA.1	PF00400:WD40,PF00400:WD40,PF00400:WD40,PF00400:WD40,PF00400:WD40,PF00400:WD40,PF00400:WD40,PF00400:WD40,PF00400:WD40
DIPPA_70158.mRNA.1	PF00754:F5_F8_type_C,PF00754:F5_F8_type_C
DIPPA_70162.mRNA.1	PF00076:RRM_1,PF00076:RRM_1
DIPPA_70168.mRNA.1	PF12146:Hydrolase_4,PF12146:Hydrolase_4
