>DIPPA_00412.mRNA.1	cl44400:Drc1-Sld2,cl44400:Drc1-Sld2
>DIPPA_17446.mRNA.1	cl44400:Drc1-Sld2,cl37540:Herpes_BLLF1,cl44400:Drc1-Sld2,cl44400:Drc1-Sld2
>DIPPA_14961.mRNA.2	cl08459:PA14,cl08459:PA14,cl08459:PA14,cl08459:PA14
>DIPPA_14961.mRNA.1	cl08459:PA14,cl08459:PA14,cl08459:PA14,cl08459:PA14
>DIPPA_14961.mRNA.3	cl08459:PA14,cl08459:PA14,cl08459:PA14,cl08459:PA14
>DIPPA_13783.mRNA.1	cl02720:PB1,cl03381:pVHL
>DIPPA_21253.mRNA.1	cl37575:LVIVD,cl37575:LVIVD
>DIPPA_01943.mRNA.2	cl00173:VIP2,cl37899:CCDC158
>DIPPA_01943.mRNA.1	cl00173:VIP2,cl37899:CCDC158
>DIPPA_50221.mRNA.1	PF00018:SH3_1,PF01846:FF
>DIPPA_03422.mRNA.1	cl08459:PA14,PF00754:F5_F8_type_C
>DIPPA_02288.mRNA.1	cl05972:MIB_HERC2,cl05972:MIB_HERC2
>DIPPA_01940.mRNA.1	cl00014:SORL,cl00014:SORL
>DIPPA_50291.mRNA.1	PF12874:zf-met,cl37540:Herpes_BLLF1
>DIPPA_32261.mRNA.1	cl09927:S1_like,cl09927:S1_like
>DIPPA_32269.mRNA.1	cl09927:S1_like,cl09927:S1_like,cl09927:S1_like
>DIPPA_23780.mRNA.1	cl47804:DOMON,cl47804:DOMON
>DIPPA_27583.mRNA.1	PF00098:zf-CCHC,cl30946:SCP-1
>DIPPA_11672.mRNA.1	PF01926:MMR_HSR1,cl25510:TPR_MLP1_2
>DIPPA_33188.mRNA.1	cl47517:ubiquitin,cl45981:PAN_1
>DIPPA_33222.mRNA.1	PF00188:CAP,cl37540:Herpes_BLLF1
>DIPPA_33193.mRNA.1	cl48357:DUF6550,PF00169:PH,cl04392:SRP-alpha_N
>DIPPA_00837.mRNA.1	PF01833:TIG,cl37832:DUF3584,PF01476:LysM,cl20612:FAM75
>DIPPA_50922.mRNA.1	cl46872:CusB_dom_1,cl47525:His_Phos_1
>DIPPA_06921.mRNA.1	PF00169:PH,PF00169:PH
>DIPPA_06907.mRNA.1	cl37870:PPR_3,PF01535:PPR
>DIPPA_21785.mRNA.1	cl48276:zf-C6H2,PF00653:BIR,cl28922:Ubl1_cv_Nsp3_N-like,cl28922:Ubl1_cv_Nsp3_N-like,PF11976:Rad60-SLD,cl37875:CCDC34,cl39316:DUF5585
>DIPPA_19609.mRNA.1	cl03741:Glyco_hydro_20b,PF15979:Glyco_hydro_115,PF17829:GH115_C
>DIPPA_18323.mRNA.1	cl40470:ps-ssRNAv_RdRp-like,cl25522:FAP,cl40470:ps-ssRNAv_RdRp-like
>DIPPA_18333.mRNA.1	cl39316:DUF5585,PF00098:zf-CCHC,cl38111:Atrophin-1
>DIPPA_18333.mRNA.4	cl39316:DUF5585,PF00098:zf-CCHC,cl38111:Atrophin-1
>DIPPA_18333.mRNA.5	cl39316:DUF5585,PF00098:zf-CCHC,cl38111:Atrophin-1
>DIPPA_18333.mRNA.2	PF00098:zf-CCHC,cl26620:Glutenin_hmw
>DIPPA_18333.mRNA.3	cl39316:DUF5585,PF00098:zf-CCHC,cl38111:Atrophin-1
>DIPPA_18300.mRNA.1	cl09109:NTF2_like,PF00076:RRM_1
>DIPPA_18332.mRNA.1	cl48485:DUF6620,cl40470:ps-ssRNAv_RdRp-like
>DIPPA_10397.mRNA.1	cl11966:NT_Pol-beta-like,cl47902:PAP_central,cl47580:PABP
>DIPPA_11404.mRNA.1	cl47595:PX,cl46697:HSP20
>DIPPA_17496.mRNA.2	PF00536:SAM_1,PF13499:EF-hand_7,cl47679:CorA
>DIPPA_13520.mRNA.1	cl47486:Globin,cl47486:Globin
>DIPPA_13498.mRNA.1	PF02825:WWE,PF01485:IBR
>DIPPA_30313.mRNA.1	cl14782:RNase_H_like,PF00400:WD40
>DIPPA_07311.mRNA.1	cl47517:ubiquitin,PF18345:zf_CCCH_4
>DIPPA_15830.mRNA.1	cl40470:ps-ssRNAv_RdRp-like,cl25522:FAP
>DIPPA_02371.mRNA.1	PF18345:zf_CCCH_4,cl25863:zf-CCCH_3,PF00658:PABP
>DIPPA_31783.mRNA.1	cl08459:PA14,PF00754:F5_F8_type_C
>DIPPA_31783.mRNA.2	cl08459:PA14,PF00754:F5_F8_type_C
>DIPPA_02013.mRNA.2	cl18968:RNase_H2-B,cl25760:CDC27
>DIPPA_02013.mRNA.1	cl18968:RNase_H2-B,cl25760:CDC27
>DIPPA_19400.mRNA.1	cl09927:S1_like,cl09927:S1_like
>DIPPA_07642.mRNA.1	cl40470:ps-ssRNAv_RdRp-like,cl40470:ps-ssRNAv_RdRp-like
>DIPPA_16435.mRNA.1	cl23815:Glyco_hydro_30,PF14200:RicinB_lectin_2
>DIPPA_00066.mRNA.1	cl30946:SCP-1,PF13180:PDZ_2
>DIPPA_04152.mRNA.1	cl38111:Atrophin-1,cl47557:AMP-binding
>DIPPA_22246.mRNA.1	cl01005:SpoVS,cl01005:SpoVS
>DIPPA_31281.mRNA.1	cl00173:VIP2,cl38936:P-loop_NTPase,PF00805:Pentapeptide
>DIPPA_31281.mRNA.2	cl00173:VIP2,cl38936:P-loop_NTPase,PF00805:Pentapeptide
>DIPPA_30117.mRNA.1	PF13499:EF-hand_7,cl00173:VIP2
>DIPPA_00656.mRNA.1	cl38017:Cullin,cl38017:Cullin,PF10557:Cullin_Nedd8
>DIPPA_00649.mRNA.2	cl37896:DUF4670,cl28922:Ubl1_cv_Nsp3_N-like
>DIPPA_04797.mRNA.1	cl37899:CCDC158,PF00169:PH
>DIPPA_11363.mRNA.1	PF13620:CarboxypepD_reg,cl20677:RBP_receptor
>DIPPA_20489.mRNA.1	PF18345:zf_CCCH_4,PF00658:PABP
>DIPPA_25435.mRNA.1	cl08459:PA14,PF00754:F5_F8_type_C
>DIPPA_15253.mRNA.1	cl39830:Csm1_N,cl05972:MIB_HERC2
>DIPPA_17325.mRNA.1	cl29666:FusC_FusB,PF02037:SAP
>DIPPA_31812.mRNA.1	cl37801:PAT1,cl47594:RNB
>DIPPA_52337.mRNA.1	cl37807:Cast,cl49608:PDZ_canonical
>DIPPA_17014.mRNA.1	PF12796:Ank_2,cl47517:ubiquitin
>DIPPA_20574.mRNA.1	PF03351:DOMON,cl47804:DOMON,cl47804:DOMON
>DIPPA_10085.mRNA.1	PF13475:DUF4116,PF13475:DUF4116,PF13475:DUF4116
>DIPPA_16503.mRNA.1	PF07989:Cnn_1N,cl37647:Myosin_tail_1
>DIPPA_35359.mRNA.1	PF13499:EF-hand_7,cl09111:Prefoldin
>DIPPA_21161.mRNA.1	cl38385:PPR_2,PF13041:PPR_2,cl37870:PPR_3
>DIPPA_15749.mRNA.1	cl03741:Glyco_hydro_20b,PF15979:Glyco_hydro_115,cl44441:BACON_2,PF17829:GH115_C
>DIPPA_15740.mRNA.1	cl03741:Glyco_hydro_20b,PF15979:Glyco_hydro_115,cl44441:BACON_2,PF17829:GH115_C
>DIPPA_15743.mRNA.1	cl48183:Laminin_G_3,cl47732:Laminin_G_2,cl48183:Laminin_G_3
>DIPPA_02975.mRNA.1	cl03741:Glyco_hydro_20b,PF15979:Glyco_hydro_115,cl44441:BACON_2,PF17829:GH115_C
>DIPPA_02988.mRNA.1	PF00646:F-box,cl09371:Siva
>DIPPA_16858.mRNA.2	cl25311:Spc29,cl25896:APG6
>DIPPA_16858.mRNA.1	cl25311:Spc29,cl25896:APG6
>DIPPA_24502.mRNA.1	PF00385:Chromo,cl00295:ZZ,cl00295:ZZ,cl00295:ZZ,cl00295:ZZ,cl37540:Herpes_BLLF1
>DIPPA_21887.mRNA.1	cl07486:NUP50,cl17171:PH-like
>DIPPA_34895.mRNA.1	cl41183:DUF5877,cl15755:SAM_superfamily
>DIPPA_04401.mRNA.1	cl37875:CCDC34,PF04146:YTH
>DIPPA_07088.mRNA.1	cl05972:MIB_HERC2,cl15755:SAM_superfamily
>DIPPA_33147.mRNA.3	cl41192:Crescentin,PF07647:SAM_2
>DIPPA_33147.mRNA.1	cl41192:Crescentin,PF07647:SAM_2
>DIPPA_33147.mRNA.2	cl41192:Crescentin,PF07647:SAM_2
>DIPPA_09470.mRNA.1	PF13855:LRR_8,PF13863:DUF4200
>DIPPA_09986.mRNA.1	cl08459:PA14,cl08459:PA14,cl08459:PA14,cl08459:PA14
>DIPPA_09980.mRNA.1	cl08459:PA14,cl08459:PA14,cl08459:PA14,cl08459:PA14
>DIPPA_10562.mRNA.1	cl37540:Herpes_BLLF1,cl40470:ps-ssRNAv_RdRp-like
>DIPPA_26608.mRNA.1	cl10011:Periplasmic_Binding_Protein_type1,PF07699:Ephrin_rec_like,cl39316:DUF5585,cl26313:Fibrinogen_BP
>DIPPA_53277.mRNA.1	cl19078:REC,cl37832:DUF3584,cl37540:Herpes_BLLF1
>DIPPA_26624.mRNA.1	cl26313:Fibrinogen_BP,cl15705:Glyco_transf_61
>DIPPA_26088.mRNA.1	PF00024:PAN_1,cl21608:Galactosyl_T
>DIPPA_34205.mRNA.1	cl38662:DUF5401,cl38662:DUF5401,PF00169:PH
>DIPPA_08701.mRNA.1	cl05972:MIB_HERC2,cl25816:KAR9
>DIPPA_08731.mRNA.1	cl37899:CCDC158,PF01465:GRIP
>DIPPA_08200.mRNA.1	cl40470:ps-ssRNAv_RdRp-like,cl25522:FAP
>DIPPA_09001.mRNA.1	PF12796:Ank_2,cl37540:Herpes_BLLF1,cl37647:Myosin_tail_1
>DIPPA_10301.mRNA.1	PF12951:PATR,PF15979:Glyco_hydro_115,cl44441:BACON_2,cl38980:GH115_C
>DIPPA_09270.mRNA.1	cl00295:ZZ,PF00098:zf-CCHC
>DIPPA_11746.mRNA.1	cl40470:ps-ssRNAv_RdRp-like,cl25522:FAP
>DIPPA_35031.mRNA.1	cl37801:PAT1,cl38199:EzrA,PF00536:SAM_1,PF00397:WW
>DIPPA_35031.mRNA.2	cl37801:PAT1,cl38199:EzrA,PF00536:SAM_1,PF00397:WW
>DIPPA_28627.mRNA.1	cl37801:PAT1,cl39316:DUF5585,cl40470:ps-ssRNAv_RdRp-like
>DIPPA_15968.mRNA.1	cl37575:LVIVD,cl37575:LVIVD
>DIPPA_15962.mRNA.1	cl37575:LVIVD,cl37575:LVIVD
>DIPPA_14502.mRNA.1	PF12796:Ank_2,PF13499:EF-hand_7
>DIPPA_18947.mRNA.1	cl38334:Malectin,cl38334:Malectin,cl38979:DUF5010_C,cl38334:Malectin
>DIPPA_18944.mRNA.1	PF11721:Malectin,cl14880:CBM6-CBM35-CBM36_like,cl38334:Malectin
>DIPPA_22792.mRNA.1	PF12951:PATR,cl03741:Glyco_hydro_20b,PF15979:Glyco_hydro_115,PF17829:GH115_C
>DIPPA_22798.mRNA.1	PF12951:PATR,cl03741:Glyco_hydro_20b,PF15979:Glyco_hydro_115,PF17829:GH115_C
>DIPPA_01419.mRNA.1	cl25838:DUF1373,cl40470:ps-ssRNAv_RdRp-like,cl25522:FAP
>DIPPA_07406.mRNA.1	cl47483:cNMP_binding,cl47483:cNMP_binding
>DIPPA_21198.mRNA.1	PF00627:UBA,PF00627:UBA
>DIPPA_02407.mRNA.1	cl37540:Herpes_BLLF1,cl47517:ubiquitin
>DIPPA_31763.mRNA.1	cl08459:PA14,cl08459:PA14,cl08459:PA14
>DIPPA_31769.mRNA.1	cl08459:PA14,cl08459:PA14,cl08459:PA14,cl08459:PA14
>DIPPA_18174.mRNA.1	cl01005:SpoVS,cl01005:SpoVS
>DIPPA_02502.mRNA.1	cl39316:DUF5585,PF01363:FYVE
>DIPPA_02500.mRNA.1	cl48097:MULE,cl19932:OTU
>DIPPA_20613.mRNA.1	cl09109:NTF2_like,PF00076:RRM_1
>DIPPA_32158.mRNA.1	PF00536:SAM_1,PF00397:WW
>DIPPA_23205.mRNA.1	cl48097:MULE,cl19932:OTU
>DIPPA_01673.mRNA.1	cl21496:2OG-FeII_Oxy,cl19932:OTU
>DIPPA_11079.mRNA.1	cl40470:ps-ssRNAv_RdRp-like,cl38111:Atrophin-1
>DIPPA_12818.mRNA.1	PF00536:SAM_1,PF00397:WW
>DIPPA_27312.mRNA.1	cl00014:SORL,cl00014:SORL
>DIPPA_08957.mRNA.1	PF12951:PATR,PF15979:Glyco_hydro_115,cl44441:BACON_2,cl38980:GH115_C
>DIPPA_19115.mRNA.1	cl25863:zf-CCCH_3,cl19932:OTU
>DIPPA_00696.mRNA.1	cl38111:Atrophin-1,cl00173:VIP2
>DIPPA_24940.mRNA.1	cl37540:Herpes_BLLF1,cl48097:MULE,cl19932:OTU
>DIPPA_24941.mRNA.1	cl37540:Herpes_BLLF1,cl48097:MULE,cl19932:OTU
>DIPPA_24938.mRNA.1	cl37540:Herpes_BLLF1,cl48097:MULE,cl19932:OTU
>DIPPA_24939.mRNA.1	PF13202:EF-hand_5,PF13202:EF-hand_5
>DIPPA_24945.mRNA.1	PF13202:EF-hand_5,PF13202:EF-hand_5,PF13202:EF-hand_5,PF13202:EF-hand_5,PF13202:EF-hand_5
>DIPPA_27477.mRNA.1	cl01005:SpoVS,cl01005:SpoVS
>DIPPA_54917.mRNA.1	cl37540:Herpes_BLLF1,cl47517:ubiquitin
>DIPPA_10874.mRNA.1	cl37899:CCDC158,PF01465:GRIP
>DIPPA_25482.mRNA.1	cl37647:Myosin_tail_1,cl37801:PAT1,PF13180:PDZ_2
>DIPPA_17697.mRNA.1	cl17238:RING_Ubox,cl49608:PDZ_canonical
>DIPPA_21430.mRNA.2	cl37575:LVIVD,cl37540:Herpes_BLLF1
>DIPPA_21430.mRNA.1	cl37575:LVIVD,cl37540:Herpes_BLLF1
>DIPPA_21430.mRNA.3	cl37575:LVIVD,cl37540:Herpes_BLLF1
>DIPPA_21445.mRNA.1	PF13202:EF-hand_5,cl37899:CCDC158
>DIPPA_30666.mRNA.1	cl02656:zf-RanBP,cl17169:RRM_SF
>DIPPA_00254.mRNA.1	PF05383:La,PF00013:KH_1,PF00013:KH_1
>DIPPA_00507.mRNA.1	cl48183:Laminin_G_3,cl48183:Laminin_G_3,PF13385:Laminin_G_3,cl48183:Laminin_G_3,PF13385:Laminin_G_3,cl48183:Laminin_G_3,cl48183:Laminin_G_3,cl48183:Laminin_G_3,cl48183:Laminin_G_3,cl48183:Laminin_G_3
>DIPPA_03800.mRNA.1	cl47517:ubiquitin,cl47517:ubiquitin
>DIPPA_27874.mRNA.1	cl48183:Laminin_G_3,cl48183:Laminin_G_3,PF00024:PAN_1,cl48183:Laminin_G_3
>DIPPA_10282.mRNA.1	PF00397:WW,cl14807:ACE1-Sec16-like
>DIPPA_30542.mRNA.1	cl25514:ATG16,cl38662:DUF5401,PF00300:His_Phos_1
>DIPPA_25106.mRNA.1	cl37860:TPR_11,PF13229:Beta_helix,PF14737:DUF4470
>DIPPA_21910.mRNA.1	PF14200:RicinB_lectin_2,PF14200:RicinB_lectin_2,PF14200:RicinB_lectin_2
>DIPPA_21923.mRNA.1	cl11025:NT-C2,cl47701:DIL
>DIPPA_21911.mRNA.1	PF14200:RicinB_lectin_2,PF14200:RicinB_lectin_2,PF14200:RicinB_lectin_2,PF14200:RicinB_lectin_2
>DIPPA_30397.mRNA.1	PF14200:RicinB_lectin_2,PF14200:RicinB_lectin_2,PF14200:RicinB_lectin_2
>DIPPA_08333.mRNA.1	cl09927:S1_like,cl37801:PAT1
>DIPPA_18387.mRNA.1	PF09409:PUB,PF09409:PUB
>DIPPA_05690.mRNA.1	PF00024:PAN_1,PF00024:PAN_1,PF00024:PAN_1
>DIPPA_01853.mRNA.1	cl47497:VWA,cl47497:VWA
>DIPPA_20069.mRNA.1	cl49608:PDZ_canonical,PF13696:zf-CCHC_2,PF13696:zf-CCHC_2
>DIPPA_31855.mRNA.1	PF14200:RicinB_lectin_2,cl37895:GGN
>DIPPA_20895.mRNA.1	cl11056:Hat1_N,cl17182:NAT_SF
>DIPPA_28606.mRNA.1	cl48097:MULE,cl19932:OTU
>DIPPA_28605.mRNA.1	cl48097:MULE,cl19932:OTU
>DIPPA_03765.mRNA.1	cl47497:VWA,cl47497:VWA
>DIPPA_18845.mRNA.1	cl47497:VWA,cl47497:VWA,cl47497:VWA,cl47497:VWA
>DIPPA_32323.mRNA.1	PF00400:WD40,PF00400:WD40,PF00400:WD40
>DIPPA_11526.mRNA.1	cl48147:Ank_2,PF12796:Ank_2,PF12796:Ank_2
>DIPPA_21755.mRNA.1	PF01344:Kelch_1,PF13415:Kelch_3,cl38111:Atrophin-1,PF01344:Kelch_1
>DIPPA_18259.mRNA.1	cl38111:Atrophin-1,cl23835:Glyco_transf_90
>DIPPA_18254.mRNA.1	cl48183:Laminin_G_3,cl48183:Laminin_G_3,cl48183:Laminin_G_3,PF00754:F5_F8_type_C,PF07974:EGF_2,PF07974:EGF_2
>DIPPA_33324.mRNA.1	PF00583:Acetyltransf_1,cl22465:HC2
>DIPPA_02028.mRNA.1	cl47497:VWA,cl47497:VWA,cl47497:VWA,cl47497:VWA
>DIPPA_06576.mRNA.1	cl47804:DOMON,PF03351:DOMON
>DIPPA_01711.mRNA.2	PF00076:RRM_1,PF00076:RRM_1,cl11531:ZapB,PF01753:zf-MYND
>DIPPA_01711.mRNA.1	PF00076:RRM_1,PF00076:RRM_1,cl11531:ZapB,PF01753:zf-MYND
>DIPPA_07578.mRNA.1	cl21494:Abhydrolase,cl22851:PHD_SF
>DIPPA_15782.mRNA.1	cl02720:PB1,cl03381:pVHL
>DIPPA_26170.mRNA.1	cl26549:Cytochrom_D1,PF13449:Phytase-like
>DIPPA_20049.mRNA.1	cl45981:PAN_1,cl45981:PAN_1,cl21504:EGF_CA
>DIPPA_19496.mRNA.1	cl46000:BRO1,cl00057:vWFA
>DIPPA_23944.mRNA.2	cl04408:HSP9_HSP12,cl04408:HSP9_HSP12,cl04408:HSP9_HSP12
>DIPPA_28515.mRNA.1	cl09927:S1_like,cl09927:S1_like
>DIPPA_01632.mRNA.1	PF18345:zf_CCCH_4,PF13639:zf-RING_2
>DIPPA_56587.mRNA.1	cl38509:V-ATPase_G_2,cl28922:Ubl1_cv_Nsp3_N-like
>DIPPA_17957.mRNA.1	cl23843:DUF839,cl23843:DUF839,cl23843:DUF839
>DIPPA_06673.mRNA.1	cl38442:TPH,cl48183:Laminin_G_3
>DIPPA_17153.mRNA.1	cl25845:DMP1,PF00498:FHA,cl19470:PTS_2-RNA
>DIPPA_22557.mRNA.1	cl37540:Herpes_BLLF1,cl40470:ps-ssRNAv_RdRp-like
>DIPPA_30254.mRNA.1	PF13424:TPR_12,PF13424:TPR_12
>DIPPA_01186.mRNA.1	cl48147:Ank_2,PF15240:Pro-rich,PF12796:Ank_2
>DIPPA_29032.mRNA.1	cl29408:Sod_Fe_C,cl38111:Atrophin-1
>DIPPA_20682.mRNA.1	cl40470:ps-ssRNAv_RdRp-like,cl40470:ps-ssRNAv_RdRp-like,cl25522:FAP
>DIPPA_12261.mRNA.1	cl47497:VWA,cl47497:VWA,cl47497:VWA
>DIPPA_10221.mRNA.1	cl09927:S1_like,cl09927:S1_like
>DIPPA_10927.mRNA.1	cl23815:Glyco_hydro_30,cl38194:MAP7
>DIPPA_10919.mRNA.1	cl37803:DUF2075,PF13515:FUSC_2
>DIPPA_15012.mRNA.1	cl25894:GAS,cl05972:MIB_HERC2
>DIPPA_30208.mRNA.1	cl11394:Glyco_tranf_GTA_type,cl00112:PAN_APPLE
>DIPPA_30046.mRNA.1	cl21494:Abhydrolase,cl47706:MMR_HSR1
>DIPPA_35314.mRNA.1	PF08588:DUF1769,PF02517:Rce1-like
>DIPPA_25784.mRNA.1	PF00059:Lectin_C,PF13385:Laminin_G_3
>DIPPA_25798.mRNA.1	cl25621:DUF4639,cl37540:Herpes_BLLF1
>DIPPA_57825.mRNA.1	cl47804:DOMON,cl47804:DOMON
>DIPPA_22136.mRNA.1	cl46000:BRO1,cl38444:ALIX_LYPXL_bnd
>DIPPA_22104.mRNA.1	cl47804:DOMON,cl47804:DOMON,cl47804:DOMON,cl47804:DOMON
>DIPPA_01510.mRNA.1	cl49607:ASKHA_ATPase-like,cl26956:Borrelia_P83
>DIPPA_22545.mRNA.1	PF13409:GST_N_2,cl48253:GST_C_3
>DIPPA_14343.mRNA.1	cl02663:Fasciclin,cl02663:Fasciclin
>DIPPA_03940.mRNA.2	cl37540:Herpes_BLLF1,cl10725:DUF2045
>DIPPA_03940.mRNA.4	cl37540:Herpes_BLLF1,cl10725:DUF2045
>DIPPA_03940.mRNA.5	cl37540:Herpes_BLLF1,cl10725:DUF2045
>DIPPA_03940.mRNA.6	cl37540:Herpes_BLLF1,cl10725:DUF2045
>DIPPA_03940.mRNA.1	cl37540:Herpes_BLLF1,cl10725:DUF2045
>DIPPA_03940.mRNA.3	cl37540:Herpes_BLLF1,cl10725:DUF2045
>DIPPA_29707.mRNA.1	cl40470:ps-ssRNAv_RdRp-like,cl25522:FAP,cl00213:DNA_BRE_C
>DIPPA_58034.mRNA.1	cl10731:CCD97-like_C,cl10731:CCD97-like_C
>DIPPA_18533.mRNA.1	cl00112:PAN_APPLE,cl04955:LanC_like
>DIPPA_18552.mRNA.1	cl45981:PAN_1,cl04955:LanC_like
>DIPPA_22348.mRNA.1	cl46483:Rad10,PF14520:HHH_5
>DIPPA_05498.mRNA.1	PF00754:F5_F8_type_C,cl37807:Cast
>DIPPA_01347.mRNA.1	cl37540:Herpes_BLLF1,cl48097:MULE,cl19932:OTU
>DIPPA_07103.mRNA.1	PF14200:RicinB_lectin_2,PF14200:RicinB_lectin_2,PF14200:RicinB_lectin_2,PF14200:RicinB_lectin_2,PF14200:RicinB_lectin_2,PF14200:RicinB_lectin_2,PF14200:RicinB_lectin_2,PF14200:RicinB_lectin_2,PF14200:RicinB_lectin_2,PF14200:RicinB_lectin_2,PF14200:RicinB_lectin_2,PF14200:RicinB_lectin_2,PF14200:RicinB_lectin_2,PF14200:RicinB_lectin_2,PF14200:RicinB_lectin_2,PF14200:RicinB_lectin_2,PF14200:RicinB_lectin_2
>DIPPA_07103.mRNA.2	PF14200:RicinB_lectin_2,PF14200:RicinB_lectin_2,PF14200:RicinB_lectin_2,PF14200:RicinB_lectin_2,PF14200:RicinB_lectin_2,PF14200:RicinB_lectin_2,PF14200:RicinB_lectin_2,PF14200:RicinB_lectin_2,PF14200:RicinB_lectin_2,PF14200:RicinB_lectin_2,PF14200:RicinB_lectin_2,PF14200:RicinB_lectin_2,PF14200:RicinB_lectin_2,PF14200:RicinB_lectin_2,PF14200:RicinB_lectin_2,PF14200:RicinB_lectin_2,PF14200:RicinB_lectin_2,PF14200:RicinB_lectin_2
>DIPPA_07092.mRNA.1	PF18289:HU-CCDC81_euk_2,PF13499:EF-hand_7
>DIPPA_16150.mRNA.1	PF00076:RRM_1,PF00642:zf-CCCH,cl17169:RRM_SF
>DIPPA_24056.mRNA.1	cl48183:Laminin_G_3,cl48183:Laminin_G_3
>DIPPA_28156.mRNA.1	PF00498:FHA,PF02825:WWE
>DIPPA_28094.mRNA.1	cl28910:MFS,cl28910:MFS
>DIPPA_14139.mRNA.1	cl07654:N-glycanase_N,cl07655:N-glycanase_C
>DIPPA_19280.mRNA.1	cl24341:TSNAXIP1_N,cl48114:ADIP
>DIPPA_58729.mRNA.1	PF12937:F-box-like,cl44413:Vitellogenin_N
>DIPPA_09401.mRNA.1	PF04055:Radical_SAM,PF12345:DUF3641
>DIPPA_24165.mRNA.1	cl19932:OTU,PF03372:Exo_endo_phos,cl40470:ps-ssRNAv_RdRp-like
>DIPPA_17785.mRNA.3	PF18345:zf_CCCH_4,PF18345:zf_CCCH_4
>DIPPA_17785.mRNA.2	PF18345:zf_CCCH_4,PF18345:zf_CCCH_4
>DIPPA_17785.mRNA.1	PF18345:zf_CCCH_4,PF18345:zf_CCCH_4
>DIPPA_27909.mRNA.1	cl48183:Laminin_G_3,cl48183:Laminin_G_3,cl48183:Laminin_G_3,cl48183:Laminin_G_3,cl48183:Laminin_G_3,cl48183:Laminin_G_3,cl48183:Laminin_G_3
>DIPPA_21360.mRNA.1	cl24059:BNR_4,cl25522:FAP,cl12605:DGF-1_5
>DIPPA_15628.mRNA.1	cl25868:DUF3729,PF00643:zf-B_box,PF00643:zf-B_box
>DIPPA_02389.mRNA.1	cl08459:PA14,cl08459:PA14
>DIPPA_02390.mRNA.1	cl08459:PA14,cl08459:PA14,cl08459:PA14,cl08459:PA14,cl08459:PA14,cl08459:PA14,cl08459:PA14
>DIPPA_09700.mRNA.1	cl23664:HU-CCDC81_euk_1,cl39639:HU-CCDC81_euk_2,cl38662:DUF5401
>DIPPA_09719.mRNA.1	PF13857:Ank_5,cl49608:PDZ_canonical
>DIPPA_04944.mRNA.1	cl39316:DUF5585,cl28747:REJ
>DIPPA_31742.mRNA.1	cl40875:GCP_N_terminal,cl38152:GCP_C_terminal
>DIPPA_02256.mRNA.1	cl21496:2OG-FeII_Oxy,cl06504:zf-CW
>DIPPA_02262.mRNA.1	cl47514:Kinesin,cl39316:DUF5585
>DIPPA_02237.mRNA.1	cl45933:HFD_SF,cl37900:Nucleoporin_FG2
>DIPPA_06099.mRNA.1	PF00754:F5_F8_type_C,PF00754:F5_F8_type_C
>DIPPA_06089.mRNA.1	cl47792:BAR,cl25522:FAP
>DIPPA_06123.mRNA.1	PF18911:PKD_4,PF11790:Glyco_hydro_cc,cl14880:CBM6-CBM35-CBM36_like
>DIPPA_08066.mRNA.1	cl04408:HSP9_HSP12,cl04408:HSP9_HSP12
>DIPPA_00712.mRNA.1	PF03995:Inhibitor_I36,cl00064:ZnMc
>DIPPA_09142.mRNA.1	cl49607:ASKHA_ATPase-like,PF17820:PDZ_6,cl25911:DLIC,cl26620:Glutenin_hmw
>DIPPA_09128.mRNA.1	PF18345:zf_CCCH_4,cl04418:YTH
>DIPPA_17456.mRNA.1	cl41183:DUF5877,cl15755:SAM_superfamily
>DIPPA_27118.mRNA.1	cl41183:DUF5877,cl15755:SAM_superfamily
>DIPPA_26941.mRNA.1	PF02743:dCache_1,PF02743:dCache_1
>DIPPA_14868.mRNA.1	cl39316:DUF5585,cl38385:PPR_2,cl38385:PPR_2
>DIPPA_06700.mRNA.1	PF12796:Ank_2,cl16353:zf-CCHC_2
>DIPPA_05546.mRNA.1	cl21522:FN3,PF00041:fn3,cl20513:SusE
>DIPPA_33954.mRNA.1	cl11073:TFIIIC_sub6,cl27454:Androgen_recep
>DIPPA_27272.mRNA.1	cl40470:ps-ssRNAv_RdRp-like,cl40470:ps-ssRNAv_RdRp-like
>DIPPA_00911.mRNA.1	cl04408:HSP9_HSP12,cl04408:HSP9_HSP12,cl04408:HSP9_HSP12
>DIPPA_00909.mRNA.1	cl04408:HSP9_HSP12,cl04408:HSP9_HSP12,cl04408:HSP9_HSP12
>DIPPA_00899.mRNA.1	cl04408:HSP9_HSP12,cl04408:HSP9_HSP12,cl04408:HSP9_HSP12
>DIPPA_24627.mRNA.1	PF13418:Kelch_4,cl48646:ERM_helical,cl37540:Herpes_BLLF1
>DIPPA_21991.mRNA.1	PF00076:RRM_1,cl38111:Atrophin-1,cl17169:RRM_SF
>DIPPA_23541.mRNA.1	PF12796:Ank_2,cl38662:DUF5401
>DIPPA_02818.mRNA.1	cl37801:PAT1,cl40470:ps-ssRNAv_RdRp-like
>DIPPA_11987.mRNA.1	cl40470:ps-ssRNAv_RdRp-like,cl25522:FAP
>DIPPA_04843.mRNA.1	cl07592:Siah-Interact_N,PF00241:Cofilin_ADF
>DIPPA_33490.mRNA.1	PF18345:zf_CCCH_4,cl37540:Herpes_BLLF1
>DIPPA_33487.mRNA.1	cl07592:Siah-Interact_N,PF00241:Cofilin_ADF
>DIPPA_02130.mRNA.1	cl37896:DUF4670,cl14603:C2
>DIPPA_25258.mRNA.1	PF12937:F-box-like,PF05672:MAP7,cl28922:Ubl1_cv_Nsp3_N-like
>DIPPA_60573.mRNA.1	cl00295:ZZ,PF00098:zf-CCHC
>DIPPA_12013.mRNA.1	cl48183:Laminin_G_3,cl47489:Lectin_C,cl48183:Laminin_G_3
>DIPPA_34241.mRNA.1	cl00295:ZZ,PF00098:zf-CCHC
>DIPPA_04267.mRNA.1	cl17169:RRM_SF,PF02151:UVR
>DIPPA_24871.mRNA.1	cl38662:DUF5401,PF00169:PH
>DIPPA_28005.mRNA.1	cl40470:ps-ssRNAv_RdRp-like,cl38111:Atrophin-1
>DIPPA_19769.mRNA.1	cl25814:Pneumo_att_G,cl38397:DUF4045
>DIPPA_34871.mRNA.1	PF07690:MFS_1,cl38111:Atrophin-1,PF07690:MFS_1
>DIPPA_06240.mRNA.2	PF00024:PAN_1,cl45981:PAN_1,PF00059:Lectin_C
>DIPPA_06240.mRNA.1	PF00024:PAN_1,cl45981:PAN_1,PF00059:Lectin_C
>DIPPA_21948.mRNA.1	cl07593:DFF-C,PF13920:zf-C3HC4_3
>DIPPA_07282.mRNA.1	cl47497:VWA,cl47497:VWA
>DIPPA_12870.mRNA.1	cl04408:HSP9_HSP12,cl04408:HSP9_HSP12,cl04408:HSP9_HSP12
>DIPPA_12858.mRNA.1	cl04408:HSP9_HSP12,cl04408:HSP9_HSP12
>DIPPA_13460.mRNA.1	cl47497:VWA,cl47497:VWA,cl47497:VWA,cl47497:VWA
>DIPPA_24581.mRNA.1	PF00385:Chromo,cl27334:PARP
>DIPPA_06774.mRNA.1	cl03741:Glyco_hydro_20b,PF15979:Glyco_hydro_115,cl44441:BACON_2,PF17829:GH115_C
>DIPPA_05939.mRNA.1	cl00112:PAN_APPLE,cl00112:PAN_APPLE
>DIPPA_26479.mRNA.1	PF01753:zf-MYND,cl25765:G_path_suppress
>DIPPA_22909.mRNA.1	PF08783:DWNN,PF00097:zf-C3HC4
>DIPPA_22857.mRNA.1	cl00281:metallo-dependent_hydrolases,cl40031:VATC
>DIPPA_35165.mRNA.1	cl27632:Transposase_mut,cl19932:OTU
>DIPPA_12132.mRNA.1	cl47512:UQ_con,cl48256:UBA_4
>DIPPA_12132.mRNA.2	cl47512:UQ_con,cl48256:UBA_4
>DIPPA_12052.mRNA.1	cl09927:S1_like,cl46581:Diphthamide_syn
>DIPPA_12052.mRNA.2	cl09927:S1_like,cl46581:Diphthamide_syn
>DIPPA_22313.mRNA.1	PF00168:C2,cl26987:Myosin_TH1,cl39691:SH3_15
>DIPPA_20171.mRNA.1	PF00076:RRM_1,PF00397:WW
>DIPPA_20152.mRNA.1	cl37540:Herpes_BLLF1,cl25522:FAP,cl05972:MIB_HERC2
>DIPPA_35398.mRNA.1	cl48147:Ank_2,PF12796:Ank_2,PF12796:Ank_2,PF12796:Ank_2,PF13857:Ank_5
>DIPPA_35408.mRNA.1	cl25840:Med26_M,cl25851:AF-4
>DIPPA_04547.mRNA.1	cl05972:MIB_HERC2,cl05972:MIB_HERC2
>DIPPA_61259.mRNA.1	cl37540:Herpes_BLLF1,cl46580:Cas_Cas1
>DIPPA_13941.mRNA.1	cl02106:IF4E,cl37801:PAT1
>DIPPA_07509.mRNA.1	cl40470:ps-ssRNAv_RdRp-like,cl25522:FAP
>DIPPA_03083.mRNA.1	cl46308:SM-ATX,PF06741:LsmAD
>DIPPA_31345.mRNA.1	cl47489:Lectin_C,cl47497:VWA
>DIPPA_28588.mRNA.1	cl40470:ps-ssRNAv_RdRp-like,cl25522:FAP
>DIPPA_33758.mRNA.1	cl20917:CLU_N,cl16180:CLU,cl39316:DUF5585
>DIPPA_08783.mRNA.1	cl47497:VWA,cl47497:VWA
>DIPPA_34216.mRNA.1	cl47497:VWA,cl47497:VWA,cl47497:VWA
>DIPPA_09933.mRNA.1	cl05972:MIB_HERC2,cl37540:Herpes_BLLF1
>DIPPA_07249.mRNA.1	cl37540:Herpes_BLLF1,cl40470:ps-ssRNAv_RdRp-like
>DIPPA_07427.mRNA.1	PF13855:LRR_8,cl37807:Cast
>DIPPA_11754.mRNA.1	PF18044:zf-CCCH_4,cl42451:Trypan_PARP,cl40470:ps-ssRNAv_RdRp-like
>DIPPA_19908.mRNA.1	cl25838:DUF1373,cl02652:MIF4G
>DIPPA_19924.mRNA.1	cl37801:PAT1,cl02652:MIF4G
>DIPPA_32766.mRNA.1	cl09927:S1_like,cl09927:S1_like,cl09927:S1_like
>DIPPA_26556.mRNA.1	cl02542:DnaJ,cl38662:DUF5401
>DIPPA_17544.mRNA.1	PF13374:TPR_10,PF01753:zf-MYND
>DIPPA_04289.mRNA.1	cl45994:PUB,cl48256:UBA_4
>DIPPA_04300.mRNA.1	cl00173:VIP2,cl48147:Ank_2
>DIPPA_04316.mRNA.1	cl02553:Peptidase_C19,cl26313:Fibrinogen_BP,cl39316:DUF5585
>DIPPA_18779.mRNA.1	PF17820:PDZ_6,cl49608:PDZ_canonical
>DIPPA_18784.mRNA.1	cl38662:DUF5401,PF02179:BAG
>DIPPA_18780.mRNA.1	cl47595:PX,cl10020:S2P-M50,cl49608:PDZ_canonical
>DIPPA_06125.mRNA.1	cl37801:PAT1,cl37540:Herpes_BLLF1,cl40470:ps-ssRNAv_RdRp-like,cl40470:ps-ssRNAv_RdRp-like
>DIPPA_06126.mRNA.1	cl37540:Herpes_BLLF1,cl40470:ps-ssRNAv_RdRp-like
>DIPPA_02473.mRNA.1	PF00041:fn3,cl21494:Abhydrolase
>DIPPA_24989.mRNA.1	cl00213:DNA_BRE_C,cl40470:ps-ssRNAv_RdRp-like
>DIPPA_02603.mRNA.1	cl30946:SCP-1,PF00643:zf-B_box
>DIPPA_21208.mRNA.1	cl38908:BTB_POZ,cl24422:DUF4719
>DIPPA_24140.mRNA.1	cl19932:OTU,PF03372:Exo_endo_phos,cl40470:ps-ssRNAv_RdRp-like
>DIPPA_10738.mRNA.2	PF13415:Kelch_3,cl38442:TPH
>DIPPA_10738.mRNA.1	PF13415:Kelch_3,cl38442:TPH
>DIPPA_14996.mRNA.1	PF20069:DUF6465,cl13738:Mcl1_mid,cl04022:Lin-8
>DIPPA_08601.mRNA.1	cl07216:COPI_assoc,cl25527:Rib_recp_KP_reg
>DIPPA_13458.mRNA.1	cl40470:ps-ssRNAv_RdRp-like,cl25801:MISS
>DIPPA_35086.mRNA.1	cl37540:Herpes_BLLF1,cl48097:MULE,cl19932:OTU
>DIPPA_29109.mRNA.1	cl40470:ps-ssRNAv_RdRp-like,cl25522:FAP
>DIPPA_35796.mRNA.1	cl40470:ps-ssRNAv_RdRp-like,cl25522:FAP,cl40470:ps-ssRNAv_RdRp-like,cl25522:FAP
>DIPPA_18416.mRNA.1	PF18345:zf_CCCH_4,PF18345:zf_CCCH_4
>DIPPA_14202.mRNA.1	cl48097:MULE,cl19932:OTU
>DIPPA_14212.mRNA.1	PF13639:zf-RING_2,PF16326:ABC_tran_CTD
>DIPPA_13774.mRNA.1	cl40875:GCP_N_terminal,cl38152:GCP_C_terminal
>DIPPA_13761.mRNA.1	cl47491:Pkinase,cl39316:DUF5585,PF13432:TPR_16
>DIPPA_30625.mRNA.1	cl25910:DUF3583,cl23835:Glyco_transf_90
>DIPPA_32138.mRNA.1	cl37540:Herpes_BLLF1,cl40470:ps-ssRNAv_RdRp-like
>DIPPA_01484.mRNA.1	cl38111:Atrophin-1,PF12937:F-box-like
>DIPPA_01465.mRNA.1	PF01753:zf-MYND,PF01753:zf-MYND
>DIPPA_01297.mRNA.1	cl47023:Ricin_B_lectin,PF14200:RicinB_lectin_2
>DIPPA_20866.mRNA.1	cl09927:S1_like,cl09927:S1_like,cl09927:S1_like
>DIPPA_20880.mRNA.1	cl09927:S1_like,cl09927:S1_like
>DIPPA_20888.mRNA.1	cl09927:S1_like,cl09927:S1_like,cl09927:S1_like
>DIPPA_20860.mRNA.1	cl09927:S1_like,cl09927:S1_like,cl09927:S1_like
>DIPPA_20868.mRNA.1	cl09927:S1_like,cl09927:S1_like
>DIPPA_20885.mRNA.1	cl09927:S1_like,cl09927:S1_like
>DIPPA_03690.mRNA.1	cl48097:MULE,cl19932:OTU
>DIPPA_31943.mRNA.1	cl48097:MULE,cl19932:OTU
>DIPPA_26855.mRNA.1	PF13499:EF-hand_7,PF13499:EF-hand_7,PF13499:EF-hand_7
>DIPPA_26873.mRNA.1	cl47517:ubiquitin,cl18177:XPC-binding,cl28811:HOIP-UBA
>DIPPA_29454.mRNA.1	PF15240:Pro-rich,PF04851:ResIII,PF00271:Helicase_C
>DIPPA_20456.mRNA.1	cl38111:Atrophin-1,cl18945:AAT_I
>DIPPA_07156.mRNA.1	PF00169:PH,cl47134:SMC_N,PF06701:MIB_HERC2
>DIPPA_07151.mRNA.1	PF01363:FYVE,cl37847:zf-rbx1
>DIPPA_22776.mRNA.1	PF00226:DnaJ,PF00641:zf-RanBP,PF00641:zf-RanBP,cl47134:SMC_N
>DIPPA_11510.mRNA.1	cl00014:SORL,cl00014:SORL,cl00014:SORL,cl23723:Cytochrome_b_N
>DIPPA_05785.mRNA.1	cl48183:Laminin_G_3,PF13385:Laminin_G_3,cl48183:Laminin_G_3,cl48183:Laminin_G_3,cl48183:Laminin_G_3,cl48183:Laminin_G_3,cl48183:Laminin_G_3
>DIPPA_24206.mRNA.1	cl11394:Glyco_tranf_GTA_type,cl00112:PAN_APPLE
>DIPPA_18231.mRNA.1	cl38908:BTB_POZ,cl25727:HMMR_N
>DIPPA_00183.mRNA.1	cl14987:Chorein_N,PF01436:NHL,PF01436:NHL,cl46375:NADAR,cl05933:SHR-BD,cl25193:VPS13_C
>DIPPA_16923.mRNA.1	PF00008:EGF,cl48183:Laminin_G_3
>DIPPA_16942.mRNA.1	cl37969:Mito_carr,cl37969:Mito_carr
>DIPPA_12451.mRNA.1	PF00400:WD40,cl38315:Lactonase,PF00400:WD40
>DIPPA_26732.mRNA.1	cl00213:DNA_BRE_C,cl40470:ps-ssRNAv_RdRp-like
>DIPPA_19015.mRNA.1	cl30946:SCP-1,cl19932:OTU
>DIPPA_32412.mRNA.1	PF07974:EGF_2,PF01825:GPS
>DIPPA_16475.mRNA.1	cl37899:CCDC158,PF01465:GRIP
>DIPPA_31566.mRNA.1	PF00569:ZZ,cl38111:Atrophin-1
>DIPPA_08856.mRNA.1	cl28899:DEAD-like_helicase_N,cl38431:AAA_33
>DIPPA_19164.mRNA.1	cl37540:Herpes_BLLF1,cl47517:ubiquitin
>DIPPA_04586.mRNA.1	PF00169:PH,PF00641:zf-RanBP
>DIPPA_32653.mRNA.1	PF13229:Beta_helix,cl20665:DUF4470
>DIPPA_34159.mRNA.1	cl37540:Herpes_BLLF1,cl48097:MULE
>DIPPA_07072.mRNA.1	cl42451:Trypan_PARP,cl40470:ps-ssRNAv_RdRp-like
>DIPPA_63641.mRNA.1	cl27699:Astacin,PF07974:EGF_2
>DIPPA_03956.mRNA.1	cl44623:Fn3_assoc,cl38662:DUF5401
>DIPPA_22072.mRNA.1	cl38936:P-loop_NTPase,cl37832:DUF3584
>DIPPA_17458.mRNA.1	cl40470:ps-ssRNAv_RdRp-like,PF16058:Mucin-like
>DIPPA_03018.mRNA.1	cl38662:DUF5401,PF00536:SAM_1,PF00397:WW
>DIPPA_33715.mRNA.1	PF13579:Glyco_trans_4_4,cl10013:Glycosyltransferase_GTB-type
>DIPPA_05848.mRNA.1	cl04408:HSP9_HSP12,cl04408:HSP9_HSP12
>DIPPA_05865.mRNA.1	cl27567:Apolipoprotein,PF17820:PDZ_6
>DIPPA_05575.mRNA.1	cl37801:PAT1,cl39316:DUF5585,cl40470:ps-ssRNAv_RdRp-like
>DIPPA_32351.mRNA.1	cl00042:CASc,PF13180:PDZ_2
>DIPPA_32327.mRNA.1	cl37531:PspA_IM30,PF17820:PDZ_6
>DIPPA_02732.mRNA.1	cl40470:ps-ssRNAv_RdRp-like,PF13913:zf-C2HC_2
>DIPPA_14249.mRNA.1	cl40470:ps-ssRNAv_RdRp-like,cl37801:PAT1
>DIPPA_15530.mRNA.1	PF13499:EF-hand_7,PF13499:EF-hand_7
>DIPPA_10966.mRNA.1	cl23843:DUF839,cl23843:DUF839,cl23843:DUF839,cl23843:DUF839
>DIPPA_02326.mRNA.1	cl24437:Coilin_N,cl09927:S1_like
>DIPPA_14537.mRNA.1	PF14200:RicinB_lectin_2,PF14200:RicinB_lectin_2
>DIPPA_20560.mRNA.1	cl47497:VWA,cl47497:VWA
>DIPPA_16591.mRNA.1	cl38662:DUF5401,cl38111:Atrophin-1
>DIPPA_16603.mRNA.1	cl08459:PA14,cl08459:PA14,cl08459:PA14,cl08459:PA14,PF16586:DUF5060
>DIPPA_11029.mRNA.1	cl37540:Herpes_BLLF1,cl37540:Herpes_BLLF1,PF13868:TPH,PF02151:UVR
>DIPPA_11029.mRNA.2	cl38662:DUF5401,PF02151:UVR
>DIPPA_08808.mRNA.1	cl47489:Lectin_C,cl47489:Lectin_C,cl47489:Lectin_C,cl47489:Lectin_C,cl47489:Lectin_C,cl47489:Lectin_C,cl47489:Lectin_C,cl47489:Lectin_C,cl47489:Lectin_C,cl47489:Lectin_C,cl47489:Lectin_C,cl47489:Lectin_C,cl47489:Lectin_C,cl47489:Lectin_C
>DIPPA_22704.mRNA.1	cl00150:TY,cl00150:TY
>DIPPA_33574.mRNA.1	PF00169:PH,cl25511:Golgin_A5
>DIPPA_33574.mRNA.2	PF00169:PH,cl25511:Golgin_A5
>DIPPA_33574.mRNA.3	PF00169:PH,cl25511:Golgin_A5
>DIPPA_28868.mRNA.1	PF00188:CAP,cl37801:PAT1
>DIPPA_31338.mRNA.1	cl17169:RRM_SF,PF00076:RRM_1
>DIPPA_15484.mRNA.1	cl48183:Laminin_G_3,cl48183:Laminin_G_3,cl48183:Laminin_G_3
>DIPPA_09557.mRNA.3	cl44400:Drc1-Sld2,cl44400:Drc1-Sld2,cl44400:Drc1-Sld2,cl44400:Drc1-Sld2,cl44400:Drc1-Sld2
>DIPPA_09557.mRNA.2	cl44400:Drc1-Sld2,cl44400:Drc1-Sld2,cl44400:Drc1-Sld2,cl44400:Drc1-Sld2,cl44400:Drc1-Sld2
>DIPPA_09557.mRNA.1	cl44400:Drc1-Sld2,cl44400:Drc1-Sld2,cl44400:Drc1-Sld2,cl44400:Drc1-Sld2,cl44400:Drc1-Sld2,cl44400:Drc1-Sld2
>DIPPA_09553.mRNA.1	cl00388:Thioredoxin_like,PF13410:GST_C_2
>DIPPA_24367.mRNA.2	PF13385:Laminin_G_3,cl48183:Laminin_G_3,PF14295:PAN_4,cl48183:Laminin_G_3,cl48183:Laminin_G_3
>DIPPA_23182.mRNA.1	cl39316:DUF5585,cl27033:Granin,PF00168:C2,cl39316:DUF5585
>DIPPA_30897.mRNA.1	cl37899:CCDC158,cl49608:PDZ_canonical
>DIPPA_35675.mRNA.1	cl40470:ps-ssRNAv_RdRp-like,cl25522:FAP,cl14782:RNase_H_like
>DIPPA_27380.mRNA.1	cl19932:OTU,cl40470:ps-ssRNAv_RdRp-like
>DIPPA_16562.mRNA.1	cl40470:ps-ssRNAv_RdRp-like,cl39316:DUF5585
>DIPPA_13872.mRNA.1	cl40470:ps-ssRNAv_RdRp-like,cl39316:DUF5585
>DIPPA_22403.mRNA.1	PF03372:Exo_endo_phos,cl40470:ps-ssRNAv_RdRp-like
>DIPPA_18890.mRNA.2	PF13445:zf-RING_UBOX,cl47207:LON_substr_bdg,cl24704:AC_N
>DIPPA_18890.mRNA.1	PF13445:zf-RING_UBOX,cl47207:LON_substr_bdg,cl24704:AC_N
>DIPPA_35208.mRNA.1	PF00188:CAP,cl25814:Pneumo_att_G
>DIPPA_65509.mRNA.1	cl37540:Herpes_BLLF1,cl39313:PDZ_6
>DIPPA_31364.mRNA.1	PF00536:SAM_1,cl39691:SH3_15
>DIPPA_31371.mRNA.1	cl40470:ps-ssRNAv_RdRp-like,cl25522:FAP
>DIPPA_22688.mRNA.1	cl40470:ps-ssRNAv_RdRp-like,cl25522:FAP
>DIPPA_26146.mRNA.1	cl37540:Herpes_BLLF1,cl00173:VIP2
>DIPPA_15524.mRNA.1	cl48097:MULE,cl19932:OTU
>DIPPA_25045.mRNA.1	cl14782:RNase_H_like,cl14782:RNase_H_like,cl40470:ps-ssRNAv_RdRp-like,cl16506:zf-RVT,cl14782:RNase_H_like
>DIPPA_28733.mRNA.1	cl49608:PDZ_canonical,cl49608:PDZ_canonical,PF00130:C1_1
>DIPPA_12340.mRNA.1	cl19932:OTU,cl40470:ps-ssRNAv_RdRp-like
>DIPPA_09208.mRNA.1	PF13449:Phytase-like,PF13449:Phytase-like
>DIPPA_17661.mRNA.1	cl39313:PDZ_6,PF01753:zf-MYND
>DIPPA_14255.mRNA.1	PF13639:zf-RING_2,PF00641:zf-RanBP
>DIPPA_06714.mRNA.1	cl09927:S1_like,cl09927:S1_like
>DIPPA_28365.mRNA.1	cl47514:Kinesin,cl38662:DUF5401
>DIPPA_02418.mRNA.1	cl28899:DEAD-like_helicase_N,cl38387:AAA_12
>DIPPA_29350.mRNA.1	PF00415:RCC1,PF00415:RCC1,PF00415:RCC1,PF00415:RCC1,PF00415:RCC1,PF00415:RCC1
>DIPPA_16926.mRNA.1	PF17820:PDZ_6,cl49608:PDZ_canonical
>DIPPA_70106.mRNA.1	PF00018:SH3_1,PF01846:FF
>DIPPA_70151.mRNA.1	PF00400:WD40,cl47134:SMC_N,cl37896:DUF4670
>DIPPA_70121.mRNA.1	PF00400:WD40,PF00400:WD40
>DIPPA_70122.mRNA.1	cl39806:DUF5614,cl15654:DUF1308
>DIPPA_70073.mRNA.1	cl47572:MAM,cl47572:MAM
>DIPPA_14312.mRNA.1	cl19758:FH2,cl37540:Herpes_BLLF1
>DIPPA_14428.mRNA.1	PF17820:PDZ_6,cl38211:LsmAD,cl38211:LsmAD
>DIPPA_00983.mRNA.1	cl37899:CCDC158,cl49608:PDZ_canonical
>DIPPA_32260.mRNA.1	cl09927:S1_like,cl09927:S1_like,cl09927:S1_like
>DIPPA_09031.mRNA.1	cl40470:ps-ssRNAv_RdRp-like,cl25522:FAP
>DIPPA_06398.mRNA.1	cl16432:Tnp_zf-ribbon_2,cl40470:ps-ssRNAv_RdRp-like
>DIPPA_12994.mRNA.1	PF02687:FtsX,PF02687:FtsX
>DIPPA_07793.mRNA.1	PF12796:Ank_2,PF03372:Exo_endo_phos,cl40470:ps-ssRNAv_RdRp-like
>DIPPA_18302.mRNA.1	cl48485:DUF6620,cl40470:ps-ssRNAv_RdRp-like,cl25522:FAP
>DIPPA_30947.mRNA.1	cl40470:ps-ssRNAv_RdRp-like,cl25522:FAP
>DIPPA_30945.mRNA.1	cl48485:DUF6620,cl40470:ps-ssRNAv_RdRp-like,cl25522:FAP
>DIPPA_10377.mRNA.1	cl48646:ERM_helical,cl38111:Atrophin-1
>DIPPA_00918.mRNA.1	cl37540:Herpes_BLLF1,cl40470:ps-ssRNAv_RdRp-like
>DIPPA_11416.mRNA.1	cl47595:PX,cl47595:PX
>DIPPA_11427.mRNA.1	cl40470:ps-ssRNAv_RdRp-like,PF15240:Pro-rich
>DIPPA_03888.mRNA.1	PF13639:zf-RING_2,cl25920:KASH_CCD
>DIPPA_33724.mRNA.1	cl00213:DNA_BRE_C,cl40470:ps-ssRNAv_RdRp-like
>DIPPA_19416.mRNA.1	cl00213:DNA_BRE_C,cl40470:ps-ssRNAv_RdRp-like
>DIPPA_07602.mRNA.1	PF00397:WW,cl22851:PHD_SF
>DIPPA_20098.mRNA.1	cl25814:Pneumo_att_G,PF00168:C2,PF13415:Kelch_3
>DIPPA_18576.mRNA.1	PF12796:Ank_2,cl25726:Lebercilin
>DIPPA_30095.mRNA.1	cl37540:Herpes_BLLF1,cl40470:ps-ssRNAv_RdRp-like
>DIPPA_28545.mRNA.1	cl40470:ps-ssRNAv_RdRp-like,PF15240:Pro-rich
>DIPPA_16495.mRNA.1	PF00787:PX,cl47595:PX
>DIPPA_09040.mRNA.1	cl40470:ps-ssRNAv_RdRp-like,cl25522:FAP
>DIPPA_04453.mRNA.1	PF13290:CHB_HEX_C_1,cl16699:Cep57_CLD_2
>DIPPA_15853.mRNA.1	cl00173:VIP2,PF12796:Ank_2
>DIPPA_07255.mRNA.1	cl04973:Dpy-30,cl39468:F_actin_bund_C
>DIPPA_19044.mRNA.1	cl37540:Herpes_BLLF1,cl40470:ps-ssRNAv_RdRp-like
>DIPPA_04999.mRNA.1	cl40470:ps-ssRNAv_RdRp-like,PF15240:Pro-rich
>DIPPA_05003.mRNA.1	cl40470:ps-ssRNAv_RdRp-like,cl25522:FAP
>DIPPA_28705.mRNA.1	cl40470:ps-ssRNAv_RdRp-like,cl25522:FAP
>DIPPA_31691.mRNA.1	cl49608:PDZ_canonical,cl47595:PX
>DIPPA_26634.mRNA.1	cl00173:VIP2,PF12796:Ank_2
>DIPPA_26077.mRNA.1	cl11304:DUF2510,PF03372:Exo_endo_phos
>DIPPA_19180.mRNA.1	cl00213:DNA_BRE_C,cl40470:ps-ssRNAv_RdRp-like
>DIPPA_08177.mRNA.1	cl40470:ps-ssRNAv_RdRp-like,PF15240:Pro-rich
>DIPPA_27096.mRNA.1	cl47483:cNMP_binding,cl25814:Pneumo_att_G
>DIPPA_30513.mRNA.1	PF03372:Exo_endo_phos,cl40470:ps-ssRNAv_RdRp-like,PF12906:RINGv
>DIPPA_34830.mRNA.1	cl40470:ps-ssRNAv_RdRp-like,cl25522:FAP
>DIPPA_34838.mRNA.1	cl40470:ps-ssRNAv_RdRp-like,PF15240:Pro-rich
>DIPPA_07212.mRNA.1	cl40470:ps-ssRNAv_RdRp-like,cl14782:RNase_H_like
>DIPPA_04534.mRNA.1	cl40470:ps-ssRNAv_RdRp-like,cl25522:FAP
>DIPPA_26108.mRNA.1	cl48485:DUF6620,cl40470:ps-ssRNAv_RdRp-like,cl25522:FAP
>DIPPA_24042.mRNA.1	cl47497:VWA,cl47497:VWA,cl47497:VWA,cl47497:VWA,cl47497:VWA
>DIPPA_07394.mRNA.1	PF12799:LRR_4,cl38662:DUF5401
>DIPPA_14735.mRNA.1	cl40470:ps-ssRNAv_RdRp-like,cl25522:FAP
>DIPPA_27105.mRNA.1	cl08459:PA14,cl08459:PA14
>DIPPA_23139.mRNA.1	cl40470:ps-ssRNAv_RdRp-like,cl25522:FAP
>DIPPA_23392.mRNA.1	PF00169:PH,PF05132:RNA_pol_Rpc4
>DIPPA_32792.mRNA.1	cl17169:RRM_SF,PF04146:YTH
>DIPPA_12738.mRNA.1	cl37540:Herpes_BLLF1,cl40470:ps-ssRNAv_RdRp-like
>DIPPA_11587.mRNA.1	PF00415:RCC1,PF00415:RCC1
>DIPPA_21287.mRNA.1	cl38111:Atrophin-1,cl40470:ps-ssRNAv_RdRp-like
>DIPPA_15352.mRNA.1	cl40470:ps-ssRNAv_RdRp-like,cl37540:Herpes_BLLF1
>DIPPA_12838.mRNA.1	cl00213:DNA_BRE_C,cl40470:ps-ssRNAv_RdRp-like
>DIPPA_00797.mRNA.1	cl37540:Herpes_BLLF1,cl40470:ps-ssRNAv_RdRp-like
>DIPPA_14277.mRNA.1	cl40470:ps-ssRNAv_RdRp-like,PF15240:Pro-rich
>DIPPA_08933.mRNA.1	PF15979:Glyco_hydro_115,cl44441:BACON_2,PF17829:GH115_C
>DIPPA_08958.mRNA.1	cl24523:Glyco_hydro_115,cl44441:BACON_2,PF17829:GH115_C
>DIPPA_32094.mRNA.1	cl48485:DUF6620,cl40470:ps-ssRNAv_RdRp-like,cl25522:FAP
>DIPPA_08516.mRNA.1	cl19932:OTU,cl40470:ps-ssRNAv_RdRp-like
>DIPPA_05429.mRNA.1	cl40470:ps-ssRNAv_RdRp-like,cl37801:PAT1
>DIPPA_03750.mRNA.1	cl20810:DUF4497,cl38442:TPH
>DIPPA_27872.mRNA.1	cl40470:ps-ssRNAv_RdRp-like,cl25522:FAP
>DIPPA_20218.mRNA.1	cl40470:ps-ssRNAv_RdRp-like,cl25522:FAP
>DIPPA_05714.mRNA.1	cl19932:OTU,PF03372:Exo_endo_phos
>DIPPA_07896.mRNA.1	cl47497:VWA,cl47497:VWA,cl47497:VWA
>DIPPA_27037.mRNA.1	cl00490:EEP,cl40470:ps-ssRNAv_RdRp-like
>DIPPA_01852.mRNA.1	cl47497:VWA,cl47497:VWA,cl47497:VWA
>DIPPA_22993.mRNA.1	PF00144:Beta-lactamase,PF00144:Beta-lactamase,PF00144:Beta-lactamase
>DIPPA_24235.mRNA.1	cl40470:ps-ssRNAv_RdRp-like,cl25522:FAP
>DIPPA_30707.mRNA.1	cl08302:EFh,PF13499:EF-hand_7
>DIPPA_17288.mRNA.1	cl48485:DUF6620,cl40470:ps-ssRNAv_RdRp-like
>DIPPA_19748.mRNA.1	cl16417:Dzip-like_N,cl38471:ARGLU
>DIPPA_20287.mRNA.1	cl15755:SAM_superfamily,cl25507:MscS_porin
>DIPPA_17467.mRNA.1	cl47497:VWA,cl47497:VWA
>DIPPA_35104.mRNA.1	cl40470:ps-ssRNAv_RdRp-like,cl25522:FAP
>DIPPA_03755.mRNA.1	PF00400:WD40,cl47134:SMC_N
>DIPPA_20956.mRNA.1	cl00292:AANH_superfamily,cl00292:AANH_superfamily
>DIPPA_13187.mRNA.1	PF00169:PH,cl41192:Crescentin
>DIPPA_14047.mRNA.1	cl40470:ps-ssRNAv_RdRp-like,PF15240:Pro-rich
>DIPPA_11807.mRNA.1	cl08288:Carn_acyltransf,cl08288:Carn_acyltransf
>DIPPA_29790.mRNA.1	cl40470:ps-ssRNAv_RdRp-like,cl25522:FAP
>DIPPA_29791.mRNA.1	cl40470:ps-ssRNAv_RdRp-like,cl25522:FAP
>DIPPA_06814.mRNA.1	cl48485:DUF6620,cl40470:ps-ssRNAv_RdRp-like,cl25522:FAP
>DIPPA_03559.mRNA.1	cl40470:ps-ssRNAv_RdRp-like,PF15240:Pro-rich
>DIPPA_10065.mRNA.1	cl40470:ps-ssRNAv_RdRp-like,cl25522:FAP
>DIPPA_10063.mRNA.1	cl40470:ps-ssRNAv_RdRp-like,cl25522:FAP
>DIPPA_20688.mRNA.1	cl40470:ps-ssRNAv_RdRp-like,cl25522:FAP
>DIPPA_01689.mRNA.1	PF04457:MJ1316,PF03372:Exo_endo_phos,cl39549:PPL4
>DIPPA_08155.mRNA.1	cl37540:Herpes_BLLF1,cl40470:ps-ssRNAv_RdRp-like
>DIPPA_03404.mRNA.1	cl48485:DUF6620,cl40470:ps-ssRNAv_RdRp-like,cl25522:FAP
>DIPPA_08668.mRNA.1	cl48485:DUF6620,cl40470:ps-ssRNAv_RdRp-like,cl25522:FAP
>DIPPA_20667.mRNA.1	cl37540:Herpes_BLLF1,cl40470:ps-ssRNAv_RdRp-like
>DIPPA_22147.mRNA.1	cl40470:ps-ssRNAv_RdRp-like,cl25522:FAP,cl40470:ps-ssRNAv_RdRp-like,PF15240:Pro-rich
>DIPPA_14330.mRNA.1	cl47595:PX,cl47595:PX
>DIPPA_00367.mRNA.1	cl40470:ps-ssRNAv_RdRp-like,cl25522:FAP
>DIPPA_00371.mRNA.1	cl40470:ps-ssRNAv_RdRp-like,cl25522:FAP,cl26620:Glutenin_hmw,cl40470:ps-ssRNAv_RdRp-like,cl25522:FAP
>DIPPA_29708.mRNA.1	cl37540:Herpes_BLLF1,cl40470:ps-ssRNAv_RdRp-like
>DIPPA_29246.mRNA.1	cl40470:ps-ssRNAv_RdRp-like,cl25522:FAP
>DIPPA_03317.mRNA.1	cl40470:ps-ssRNAv_RdRp-like,cl25522:FAP
>DIPPA_33679.mRNA.1	cl37540:Herpes_BLLF1,cl40470:ps-ssRNAv_RdRp-like
>DIPPA_13420.mRNA.1	cl09927:S1_like,cl09927:S1_like,cl09927:S1_like
>DIPPA_14102.mRNA.1	cl37540:Herpes_BLLF1,cl40470:ps-ssRNAv_RdRp-like
>DIPPA_12229.mRNA.1	cl40470:ps-ssRNAv_RdRp-like,cl37540:Herpes_BLLF1
>DIPPA_32207.mRNA.1	cl37540:Herpes_BLLF1,cl40470:ps-ssRNAv_RdRp-like
>DIPPA_32204.mRNA.1	cl48485:DUF6620,cl40470:ps-ssRNAv_RdRp-like,cl25522:FAP
>DIPPA_21506.mRNA.1	cl48485:DUF6620,cl40470:ps-ssRNAv_RdRp-like
>DIPPA_21505.mRNA.1	PF13432:TPR_16,PF00856:SET
>DIPPA_13084.mRNA.1	cl40470:ps-ssRNAv_RdRp-like,cl25522:FAP
>DIPPA_32210.mRNA.1	cl48485:DUF6620,cl40470:ps-ssRNAv_RdRp-like,cl25522:FAP
>DIPPA_28798.mRNA.1	cl48485:DUF6620,cl40470:ps-ssRNAv_RdRp-like,cl25522:FAP
>DIPPA_06491.mRNA.1	cl40470:ps-ssRNAv_RdRp-like,cl25522:FAP
>DIPPA_28023.mRNA.2	cl46990:COG5,cl19885:Sec6
>DIPPA_30846.mRNA.1	cl44623:Fn3_assoc,cl44623:Fn3_assoc
>DIPPA_12671.mRNA.1	cl14782:RNase_H_like,cl38662:DUF5401
>DIPPA_22672.mRNA.1	cl19932:OTU,PF03372:Exo_endo_phos
>DIPPA_17392.mRNA.1	cl37540:Herpes_BLLF1,cl40470:ps-ssRNAv_RdRp-like
>DIPPA_17253.mRNA.1	PF13424:TPR_12,PF00533:BRCT
>DIPPA_02909.mRNA.1	cl17169:RRM_SF,cl17169:RRM_SF
>DIPPA_26212.mRNA.1	cl16794:DUF4381,PF13639:zf-RING_2
>DIPPA_25308.mRNA.1	cl00213:DNA_BRE_C,cl40470:ps-ssRNAv_RdRp-like
>DIPPA_11837.mRNA.1	cl48485:DUF6620,cl40470:ps-ssRNAv_RdRp-like,cl25522:FAP
>DIPPA_24045.mRNA.1	cl40470:ps-ssRNAv_RdRp-like,cl25522:FAP
>DIPPA_30988.mRNA.1	cl00213:DNA_BRE_C,cl40470:ps-ssRNAv_RdRp-like
>DIPPA_05567.mRNA.1	cl40470:ps-ssRNAv_RdRp-like,cl14782:RNase_H_like
>DIPPA_04942.mRNA.1	cl40470:ps-ssRNAv_RdRp-like,cl25522:FAP
>DIPPA_29697.mRNA.1	cl26620:Glutenin_hmw,cl40470:ps-ssRNAv_RdRp-like,cl25522:FAP,cl40470:ps-ssRNAv_RdRp-like,cl25522:FAP,cl40470:ps-ssRNAv_RdRp-like
>DIPPA_29691.mRNA.1	cl40470:ps-ssRNAv_RdRp-like,cl25522:FAP
>DIPPA_16639.mRNA.1	cl40470:ps-ssRNAv_RdRp-like,cl25522:FAP
>DIPPA_21935.mRNA.1	cl40470:ps-ssRNAv_RdRp-like,cl21496:2OG-FeII_Oxy,cl38111:Atrophin-1,cl40470:ps-ssRNAv_RdRp-like
>DIPPA_17202.mRNA.1	cl40470:ps-ssRNAv_RdRp-like,PF15240:Pro-rich
>DIPPA_27805.mRNA.1	cl48485:DUF6620,cl40470:ps-ssRNAv_RdRp-like,cl25522:FAP
>DIPPA_27806.mRNA.1	cl40470:ps-ssRNAv_RdRp-like,cl25522:FAP
>DIPPA_03630.mRNA.1	cl40470:ps-ssRNAv_RdRp-like,cl25522:FAP
>DIPPA_07283.mRNA.2	PF00092:VWA,cl47497:VWA,cl47497:VWA,cl47497:VWA,cl47497:VWA,cl47497:VWA,cl47497:VWA
>DIPPA_34706.mRNA.1	cl47497:VWA,cl47497:VWA,cl47497:VWA,cl47489:Lectin_C,cl47497:VWA,PF00092:VWA,cl47497:VWA,cl47497:VWA,cl47497:VWA,cl47497:VWA,cl47497:VWA,cl47497:VWA
>DIPPA_26127.mRNA.1	PF00092:VWA,cl47497:VWA,cl47497:VWA,cl47497:VWA,cl47497:VWA,cl47497:VWA,cl47497:VWA
>DIPPA_26125.mRNA.1	cl47497:VWA,cl47497:VWA,cl47497:VWA,cl47497:VWA,cl47489:Lectin_C,cl47497:VWA,PF00092:VWA,cl47497:VWA,cl47497:VWA,cl47497:VWA,cl47497:VWA,cl47497:VWA
>DIPPA_05769.mRNA.1	cl39246:DUF5560,cl00213:DNA_BRE_C,cl40470:ps-ssRNAv_RdRp-like
>DIPPA_09857.mRNA.1	cl40470:ps-ssRNAv_RdRp-like,cl25522:FAP
>DIPPA_33458.mRNA.1	cl40470:ps-ssRNAv_RdRp-like,cl25522:FAP
>DIPPA_22910.mRNA.1	cl48485:DUF6620,cl40470:ps-ssRNAv_RdRp-like,cl25522:FAP
>DIPPA_05325.mRNA.1	cl40470:ps-ssRNAv_RdRp-like,cl25522:FAP
>DIPPA_05315.mRNA.1	cl40470:ps-ssRNAv_RdRp-like,cl25522:FAP
>DIPPA_13999.mRNA.1	cl38111:Atrophin-1,cl11452:H_PPase
>DIPPA_06824.mRNA.1	cl14603:C2,PF00168:C2
>DIPPA_24554.mRNA.1	cl37540:Herpes_BLLF1,cl40470:ps-ssRNAv_RdRp-like
>DIPPA_08166.mRNA.1	cl38111:Atrophin-1,cl40470:ps-ssRNAv_RdRp-like,cl40470:ps-ssRNAv_RdRp-like
>DIPPA_33736.mRNA.1	cl39316:DUF5585,cl15755:SAM_superfamily
>DIPPA_35279.mRNA.1	cl37540:Herpes_BLLF1,cl40470:ps-ssRNAv_RdRp-like
>DIPPA_07251.mRNA.1	cl40470:ps-ssRNAv_RdRp-like,cl25522:FAP
>DIPPA_07828.mRNA.1	cl40470:ps-ssRNAv_RdRp-like,PF15240:Pro-rich
>DIPPA_07832.mRNA.1	cl48485:DUF6620,cl40470:ps-ssRNAv_RdRp-like,cl25522:FAP
>DIPPA_12193.mRNA.1	cl48485:DUF6620,cl40470:ps-ssRNAv_RdRp-like,cl25522:FAP
>DIPPA_23667.mRNA.1	cl48485:DUF6620,cl40470:ps-ssRNAv_RdRp-like,cl25522:FAP
>DIPPA_32722.mRNA.1	cl02652:MIF4G,cl17169:RRM_SF
>DIPPA_21262.mRNA.1	cl37540:Herpes_BLLF1,cl40470:ps-ssRNAv_RdRp-like
>DIPPA_03123.mRNA.1	cl48485:DUF6620,cl40470:ps-ssRNAv_RdRp-like,cl25522:FAP
>DIPPA_01909.mRNA.1	cl48485:DUF6620,cl40470:ps-ssRNAv_RdRp-like,cl25522:FAP
>DIPPA_15647.mRNA.1	cl37540:Herpes_BLLF1,cl40470:ps-ssRNAv_RdRp-like
>DIPPA_25153.mRNA.1	cl40470:ps-ssRNAv_RdRp-like,cl25522:FAP
>DIPPA_30494.mRNA.1	cl48485:DUF6620,cl40470:ps-ssRNAv_RdRp-like,cl25522:FAP
>DIPPA_29108.mRNA.1	cl48485:DUF6620,cl40470:ps-ssRNAv_RdRp-like
>DIPPA_08615.mRNA.1	cl37540:Herpes_BLLF1,cl40470:ps-ssRNAv_RdRp-like
>DIPPA_32131.mRNA.1	cl48485:DUF6620,cl40470:ps-ssRNAv_RdRp-like,cl25522:FAP
>DIPPA_01468.mRNA.1	cl40470:ps-ssRNAv_RdRp-like,cl25522:FAP
>DIPPA_01491.mRNA.1	cl40470:ps-ssRNAv_RdRp-like,cl14782:RNase_H_like
>DIPPA_12792.mRNA.1	cl48485:DUF6620,cl40470:ps-ssRNAv_RdRp-like,cl25522:FAP
>DIPPA_04186.mRNA.1	cl40470:ps-ssRNAv_RdRp-like,cl25522:FAP
>DIPPA_04183.mRNA.1	cl40470:ps-ssRNAv_RdRp-like,cl25522:FAP
>DIPPA_28928.mRNA.1	cl40470:ps-ssRNAv_RdRp-like,cl25522:FAP
>DIPPA_28932.mRNA.1	cl40470:ps-ssRNAv_RdRp-like,cl25522:FAP
>DIPPA_07162.mRNA.1	cl11394:Glyco_tranf_GTA_type,cl00112:PAN_APPLE
>DIPPA_25530.mRNA.1	cl40470:ps-ssRNAv_RdRp-like,cl25522:FAP
>DIPPA_01383.mRNA.1	cl00490:EEP,cl40470:ps-ssRNAv_RdRp-like
>DIPPA_09220.mRNA.1	cl40470:ps-ssRNAv_RdRp-like,PF15240:Pro-rich
>DIPPA_31226.mRNA.1	cl48485:DUF6620,cl40470:ps-ssRNAv_RdRp-like,cl25522:FAP
>DIPPA_31229.mRNA.1	cl40625:Pectate_lyase_3,cl40625:Pectate_lyase_3,cl40625:Pectate_lyase_3
>DIPPA_26934.mRNA.1	cl48485:DUF6620,cl40470:ps-ssRNAv_RdRp-like,cl25522:FAP
>DIPPA_18368.mRNA.1	cl48485:DUF6620,cl40470:ps-ssRNAv_RdRp-like,cl25522:FAP
>DIPPA_19428.mRNA.1	cl48485:DUF6620,cl40470:ps-ssRNAv_RdRp-like,cl25522:FAP
>DIPPA_03389.mRNA.1	PF00092:VWA,cl47497:VWA,cl47497:VWA,cl47497:VWA,cl47497:VWA,cl47497:VWA
>DIPPA_13117.mRNA.1	cl40470:ps-ssRNAv_RdRp-like,cl25522:FAP
>DIPPA_13116.mRNA.1	cl40470:ps-ssRNAv_RdRp-like,cl25522:FAP
>DIPPA_13114.mRNA.1	cl48485:DUF6620,cl40470:ps-ssRNAv_RdRp-like,cl25522:FAP
>DIPPA_06501.mRNA.1	cl48485:DUF6620,cl40470:ps-ssRNAv_RdRp-like,cl25522:FAP
>DIPPA_06503.mRNA.1	cl37540:Herpes_BLLF1,cl40470:ps-ssRNAv_RdRp-like
>DIPPA_07592.mRNA.1	cl48485:DUF6620,cl40470:ps-ssRNAv_RdRp-like,cl25522:FAP
>DIPPA_17915.mRNA.1	cl25798:Cytadhesin_P30,PF00397:WW,PF00397:WW
>DIPPA_31293.mRNA.1	cl37540:Herpes_BLLF1,cl40470:ps-ssRNAv_RdRp-like
>DIPPA_35774.mRNA.1	cl40470:ps-ssRNAv_RdRp-like,cl25522:FAP
>DIPPA_03334.mRNA.1	cl00490:EEP,cl40470:ps-ssRNAv_RdRp-like
>DIPPA_22261.mRNA.1	cl37540:Herpes_BLLF1,cl40470:ps-ssRNAv_RdRp-like,cl25522:FAP
>DIPPA_05839.mRNA.1	PF03372:Exo_endo_phos,cl40470:ps-ssRNAv_RdRp-like
>DIPPA_22442.mRNA.1	cl40470:ps-ssRNAv_RdRp-like,PF15240:Pro-rich
>DIPPA_16521.mRNA.1	cl48485:DUF6620,cl40470:ps-ssRNAv_RdRp-like,cl25522:FAP
>DIPPA_23715.mRNA.1	cl40470:ps-ssRNAv_RdRp-like,PF15240:Pro-rich
>DIPPA_32608.mRNA.1	cl48485:DUF6620,cl40470:ps-ssRNAv_RdRp-like,cl25522:FAP
>DIPPA_23156.mRNA.1	cl40470:ps-ssRNAv_RdRp-like,cl25522:FAP
>DIPPA_23127.mRNA.1	cl37807:Cast,cl38662:DUF5401,cl37899:CCDC158,cl47134:SMC_N,PF17820:PDZ_6,PF06701:MIB_HERC2
>DIPPA_10896.mRNA.1	cl40470:ps-ssRNAv_RdRp-like,cl38442:TPH
>DIPPA_23854.mRNA.2	cl22970:Sulfotransfer_2,cl47903:DNA_pol_phi
>DIPPA_23854.mRNA.1	cl22970:Sulfotransfer_2,cl47903:DNA_pol_phi
>DIPPA_23854.mRNA.3	cl22970:Sulfotransfer_2,cl47903:DNA_pol_phi
>DIPPA_28868.mRNA.2	PF00188:CAP,cl37540:Herpes_BLLF1
>DIPPA_23177.mRNA.1	cl48485:DUF6620,cl40470:ps-ssRNAv_RdRp-like,cl25522:FAP
>DIPPA_32664.mRNA.1	cl40470:ps-ssRNAv_RdRp-like,PF15240:Pro-rich
>DIPPA_35686.mRNA.1	cl48485:DUF6620,cl40470:ps-ssRNAv_RdRp-like,cl25522:FAP
>DIPPA_06355.mRNA.1	PF13519:VWA_2,cl14782:RNase_H_like
>DIPPA_10762.mRNA.1	PF00307:CH,cl37540:Herpes_BLLF1
>DIPPA_02446.mRNA.1	cl40470:ps-ssRNAv_RdRp-like,cl25522:FAP
>DIPPA_11772.mRNA.1	cl40470:ps-ssRNAv_RdRp-like,cl38111:Atrophin-1
>DIPPA_25176.mRNA.1	cl37540:Herpes_BLLF1,cl40470:ps-ssRNAv_RdRp-like
>DIPPA_03513.mRNA.1	cl48485:DUF6620,cl40470:ps-ssRNAv_RdRp-like,cl25522:FAP
>DIPPA_31213.mRNA.1	cl48485:DUF6620,cl40470:ps-ssRNAv_RdRp-like,cl25522:FAP
>DIPPA_21601.mRNA.1	cl48485:DUF6620,cl40470:ps-ssRNAv_RdRp-like,cl25522:FAP
>DIPPA_32923.mRNA.1	cl40470:ps-ssRNAv_RdRp-like,PF15240:Pro-rich
>DIPPA_27219.mRNA.1	cl40470:ps-ssRNAv_RdRp-like,cl25522:FAP
>DIPPA_34869.mRNA.1	cl40470:ps-ssRNAv_RdRp-like,cl25522:FAP
>DIPPA_03330.mRNA.1	PF13445:zf-RING_UBOX,cl38662:DUF5401
>DIPPA_02051.mRNA.1	cl37540:Herpes_BLLF1,PF13424:TPR_12,PF13424:TPR_12,PF13424:TPR_12
>DIPPA_06613.mRNA.1	cl00490:EEP,cl40470:ps-ssRNAv_RdRp-like
>DIPPA_06709.mRNA.1	cl40470:ps-ssRNAv_RdRp-like,cl14782:RNase_H_like
>DIPPA_35505.mRNA.1	cl40470:ps-ssRNAv_RdRp-like,PF15240:Pro-rich
>DIPPA_01715.mRNA.1	cl37540:Herpes_BLLF1,cl40470:ps-ssRNAv_RdRp-like
